name,smiles,mult
AR,[Ar],1
N2,N#N,1
HE,[He],1
H2,[H][H],1
H,[H],2
O2,[O][O],3
O,[O],3
H2O,O,1
OH,[OH],2
H2O2,OO,1
HO2,O[O],2
CO,[C]=O,1
CO2,O=C=O,1
HOCO,O[C]=O,2
CH4,C,1
CH3,[CH3],2
CH2,[CH2],3
CH2(S),[CH2],1
C,[C],3
CH,[CH],2
CH3O2H,COO,1
CH3O2,CO[O],2
CH2O2H,[CH2]OO,2
CH3OH,CO,1
CH3O,C[O],2
CH2OH,[CH2]O,2
CH2O,C=O,1
HCO,[CH]=O,2
HCOH,[CH]O,1
HO2CHO,OOC=O,1
HOCH2O2H,OOCO,1
HOCH2O2,[O]OCO,2
OCH2O2H,OOC[O],2
HOCH2O,OC[O],2
O2CHO,[O]OC=O,2
HOCHO,OC=O,1
OCHO,[O]C=O,2
C2H6,CC,1
C2H5,C[CH2],2
C2H5O2H,CCOO,1
C2H5O2,CCO[O],2
C2H4,C=C,1
C2H3,C=[CH],2
CHOCHO,O=CC=O,1
C2H3OOH,OOC=C,1
C2H3OO,[O]OC=C,2
CHCHO,[CH]CO,3
C2H2,C#C,1
C2H,C#[C],2
H2CC,C=[C],1
C2H5OH,CCO,1
C2H5O,CC[O],2
PC2H4OH,[CH2]CO,2
SC2H4OH,C[CH]O,2
O2C2H4OH,OCCO[O],2
C2H4O2H,[CH2]COO,2
C2H4O1-2,O1CC1,1
C2H3O1-2,O1[CH]C1,2
CH3CHO,CC=O,1
CH3CO,C[C]=O,2
CH2CHO,[CH2]C=O,2
O2CH2CHO,[O]OCC=O,2
HO2CH2CO,OOC[C]=O,2
C2H3OH,OC=C,1
C2H2OH,OC=[CH],2
CH2CO,C=C=O,1
HCCO,[CH]=C=O,2
HCCOH,OC#C,1
CH3CO3H,CC(=O)OO,1
CH3CO3,CC(=O)O[O],2
CH3CO2,CC(=O)[O],2
CH3OCH3,COC,1
CH3OCH2,CO[CH2],2
CH3OCH2O2H,COCOO,1
CH3OCH2O2,COCO[O],2
CH2OCH2O2H,[CH2]OCOO,2
O2CH2OCH2O2H,OOCOCO[O],2
HO2CH2OCHO,OOCOC=O,1
OCH2OCHO,[O]COC=O,2
HOCH2OCO,OCO[C]=O,2
CH3OCH2O,COC[O],2
CH3OCHO,COC=O,1
CH3OCO,CO[C]=O,2
CH2OCHO,[CH2]OC=O,2
C3H8,CCC,1
IC3H7,C[CH]C,2
NC3H7,CC[CH2],2
NC3H7O2H,CCCOO,1
NC3H7O2,CCCO[O],2
IC3H7O2H,OOC(C)C,1
IC3H7O2,[O]OC(C)C,2
NC3H7O,CCC[O],2
IC3H7O,CC([O])C,2
C3H6OOH1-2,C[CH]COO,2
C3H6OOH1-3,[CH2]CCOO,2
C3H6OOH2-1,OOC([CH2])C,2
C3H6OOH1-2O2,OOCC(O[O])C,2
C3H6OOH1-3O2,OOCCCO[O],2
C3H6OOH2-1O2,[O]OCC(OO)C,2
C3KET12,CC(C=O)OO,1
C3KET13,OOCCC=O,1
"C3H51-2,3OOH",OOCC(OO)[CH2],2
"C3H52-1,3OOH",OOC[CH]COO,2
C3H5O1-2OOH-3,OOCC1CO1,1
C3H5O1-3OOH-2,OOC1COC1,1
C3H6O1-2,CC1CO1,1
C3H6O1-3,C1CCO1,1
C3H6,CC=C,1
C3H5-A,[CH2]C=C,2
C3H5-S,CC=[CH],2
C3H5-T,C[C]=C,2
CC3H6,C1CC1,1
C3H5O,[O]CC=C,2
CH2CHOCH2,[CH2]OC=C,2
CH3CHCHO,C[CH]C=O,2
AC4H7OOH,COOCC=C,1
C3H6OH1-2,C[CH]CO,2
CH3CHCO,CC=C=O,1
AC3H5OOH,OOCC=C,1
C3H6OH2-1,CC(O)[CH2],2
HOC3H6O2,OCC(O[O])C,2
SC3H5OH,CC=CO,1
IC3H5OH,CC(=C)O,1
C3H5OH,OCC=C,1
CH2CCH2OH,OC[C]=C,2
C3H4-P,CC#C,1
C3H4-A,C=C=C,1
C3H3,[CH2]C#C,2
CC3H4,C1=CC1,1
C3H2,C=C=[C],1
H2CCC(S),C=C=[C],1
C3H2(S),C=C=[C],1
C3H2C,C1=C[C]1,3
PC3H4OH-2,C[C]=CO,2
SC3H4OH,[CH2]C(=C)O,2
C3H3O,[O]C=C=C,2
C3H3O2H,OOC=C=C,1
C2HCHO,O=CC#C,1
C2H5CHO,CCC=O,1
C2H5CO,CC[C]=O,2
CH2CH2CHO,[CH2]CC=O,2
C2H3CHO,C=CC=O,1
C2H3CO,C=C[C]=O,2
CH3COCH3,CC(=O)C,1
CH3COCH2,CC(=O)[CH2],2
CH3COCH2O2,CC(=O)CO[O],2
CH3COCH2O,CC(=O)C[O],2
C3KET21,CC(=O)COO,1
C4H10,CCCC,1
PC4H9,CCC[CH2],2
SC4H9,C[CH]CC,2
PC4H9O,CCCC[O],2
SC4H9O,CCC([O])C,2
PC4H9O2,CCCCO[O],2
SC4H9O2,CC(O[O])CC,2
PC4H9O2H,CCCCOO,1
SC4H9O2H,CC(OO)CC,1
C4H8OOH1-2,CC[CH]COO,2
C4H8OOH1-3,C[CH]CCOO,2
C4H8OOH1-4,[CH2]CCCOO,2
C4H8OOH2-1,[CH2]C(OO)CC,2
C4H8OOH2-3,CC(OO)[CH]C,2
C4H8OOH2-4,CC(OO)C[CH2],2
C4H8O1-2,CCC1CO1,1
C4H8O1-3,CC1CCO1,1
C4H8O1-4,C1CCCO1,1
C4H8O2-3,CC1OC1C,1
C4H8OOH1-2O2,OOCC(O[O])CC,2
C4H8OOH1-3O2,OOCCC(O[O])C,2
C4H8OOH1-4O2,OOCCCCO[O],2
C4H8OOH2-1O2,[O]OCC(OO)CC,2
C4H8OOH2-3O2,OOC(C(O[O])C)C,2
C4H8OOH2-4O2,[O]OCCC(OO)C,2
"C4H71-2,4OOH",OOCCC(OO)[CH2],2
"C4H72-1,3OOH",OOC[CH]C(OO)C,2
"C4H72-1,4OOH",OOC[CH]CCOO,2
"C4H71-2,3OOH",OOC(C(OO)C)[CH2],2
C4H7O1-3OOH-4,OOCC1CCO1,1
C4H7O1-3OOH-2,CC1OCC1OO,1
C4H7O1-2OOH-4,OOCCC1CO1,1
C4H7O1-4OOH-2,OOC1COCC1,1
C4H7O1-2OOH-3,CC(C1CO1)OO,1
C4H7O2-3OOH-1,CC1OC1COO,1
C4H72-1OOH,CC=CCOO,1
NC4KET12,CCC(C=O)OO,1
NC4KET13,CC(OO)CC=O,1
NC4KET14,OOCCCC=O,1
NC4KET21,CCC(=O)COO,1
NC4KET23,CC(C(=O)C)OO,1
NC4KET24,OOCCC(=O)C,1
C4H71-3OOH,CC(C=C)OO,1
"C4H71-3,4OOH",OOCC(OO)C[CH2],2
"C4H72-3,4OOH",OOCC(OO)[CH]C,2
HO2CH2CHO,OOCC=O,1
IC4H10,CC(C)C,1
IC4H9,CC([CH2])C,2
TC4H9,C[C](C)C,2
TC4H9O,CC([O])(C)C,2
IC4H9O,[O]CC(C)C,2
IC4H8O,CC1(C)OC1,1
IC3H7CHO,O=CC(C)C,1
IC3H7CO,O=[C]C(C)C,2
IC3H6CHO,O=CC([CH2])C,2
TC3H6CHO,O=C[C](C)C,2
IC3H5CHO,CC(=C)C=O,1
TC3H6O2CHO,[O]OC(C=O)(C)C,2
IC3H5O2HCHO,OOC(C=O)([CH2])C,2
TC3H6O2HCO,OOC([C]=O)(C)C,2
TC3H6OCHO,O=CC([O])(C)C,2
IC3H6CO,O=C=C(C)C,1
IC3H5CO,CC(=C)[C]=O,2
IC3H4CHO-A,[CH2]C(=C)C=O,2
SC4H7OH-I,OC=C(C)C,1
IC4H9O2,[O]OCC(C)C,2
TC4H9O2,[O]OC(C)(C)C,2
IC4H8O2H-I,OOCC([CH2])C,2
IC4H8O2H-T,OOC[C](C)C,2
TC4H8O2H-I,OOC([CH2])(C)C,2
CC4H8O,CC1COC1,1
IC4H8OOH-IO2,OOCC(CO[O])C,2
IC4H8OOH-TO2,OOCC(O[O])(C)C,2
TC4H8OOH-IO2,[O]OCC(OO)(C)C,2
IC4KETII,CC(C=O)COO,1
IC4KETIT,OOC(C=O)(C)C,1
TIC4H7Q2-I,OOCC(OO)([CH2])C,2
IIC4H7Q2-I,OOCC(COO)[CH2],2
IIC4H7Q2-T,OOC[C](COO)C,2
IC4H7OOH,CC(=C)COO,1
IC4H9O2H,OOCC(C)C,1
TC4H9O2H,OOC(C)(C)C,1
IC4H8,CC(=C)C,1
IC4H7,CC(=C)[CH2],2
IC4H7-I1,CC(=[CH])C,2
IC4H7O2,CC(=C)CO[O],2
IC4H6OOH-I,[CH2]C(=C)COO,2
CCYCCOOC-T1,C[C]1COOC1,2
C2CYCOOC-I1,CC1([CH2])COO1,2
IC4H7O,CC(=C)C[O],2
CVCYCCOC,C=C1COC1,1
CCYC2OCO,CC1(C[O])CO1,2
CCYCCOOC-I2,CC1[CH]OOC1,2
CHOIC3H6O,CC(C=O)C[O],2
IC3H5OOCH2,[CH2]OOC(=C)C,2
CCYCCO-T1,C[C]1CO1,2
IC4H8OH-IT,OC[C](C)C,2
IC4H8OH-TI,CC(O)([CH2])C,2
IC4H7OH,CC(=C)CO,1
IC4H8OH,OCC([CH2])C,2
IC4H6OH,CC(=C)[CH]O,2
TQJC4H8OH,OCC(O[O])(C)C,2
TQC4H8OI,[O]CC(OO)(C)C,2
QC4H7OHP,OCC(OO)([CH2])C,2
TQC4H7OHI,O[CH]C(OO)(C)C,2
CCY(CCO)COH,CC1(CO)CO1,1
C2CY(COC)OH,OC1OC1(C)C,1
IQJC4H8OH,[O]OCC(O)(C)C,2
IC3H6OHCHO,O=CC(O)(C)C,1
IQC4H8OT,OOCC([O])(C)C,2
IQC4H7OHT,OOCC(O)([CH2])C,2
CCY(CCOC)OH,CC1(O)COC1,1
CH2COHCH2OOH,OOCC(=C)O,1
TC3H6OH,C[C](O)C,2
TQC4H7OHIO2,[O]OC(C(OO)(C)C)O,2
TQC4H7OHTO2,OOC(C(O[O])(C)C)O,2
TQC4H7OHIQ-I,OOC(C(OO)(C)C)[O],2
TQC4H7OHIQ-P,OOC(C(OO)([CH2])C)O,2
IC3H5COHQ,CC(=C)C(OO)O,1
CH2CQCOHQ,OOC(=C)C(OO)O,1
IC3H5Q,CC(=C)OO,1
COHQCYC(COC),CC1(CO1)C(OO)O,1
QCYC(CCOC)OH,OOC1(C)COC1O,1
HOCOCQ(CH3)2,OOC(C(=O)O)(C)C,1
IQC4H7OHTO2,OOCC(CO[O])(O)C,2
IQC4H8OTQ-I,OOCC(COO)([O])C,2
IQC4H7OHTQ-P,OOCC(COO)(O)[CH2],2
CHOC(CH3)OHCH2Q,CC(C=O)(COO)O,1
CO(CH2OOH)2,OOCC(=O)COO,1
CH3COCHO,O=CC(=O)C,1
IC3H5OCH2,[CH2]OC(=C)C,2
IC4H7OOCH3,COOCC(=C)C,1
IC4H7OOIC4H7,CC(=C)COOCC(=C)C,1
C4H8-1,CCC=C,1
C4H8-2,CC=CC,1
C4H71-1,CCC=[CH],2
C4H71-2,CC[C]=C,2
C4H71-3,C[CH]C=C,2
C4H71-4,[CH2]CC=C,2
C4H72-2,C[C]=CC,2
C4H71-O,CC(C=C)[O],2
PC4H8OH-2,CC[CH]CO,2
SC4H8OH-1,CCC(O)[CH2],2
SC4H8OH-3,C[CH]C(O)C,2
C4H71-3OH,CC(C=C)O,1
C4H71-4OH,OCCC=C,1
C4H71-1OH,CCC=CO,1
C4H71-2OH,CCC(=C)O,1
C4H72-1OH,CC=CCO,1
C4H72-2OH,CC=C(O)C,1
SQC4H8OP,CCC(OO)C[O],2
PQC4H8OS,CCC(COO)[O],2
PQC4H7OHS-3,C[CH]C(COO)O,2
NC4KET12OH,CCC(C=O)O,1
SQC4H7OHS-4,OOC(C(O)[CH2])C,2
SQC4H8OS,OOC(C([O])C)C,2
NC4KET23OH,CC(=O)C(O)C,1
SC4H8OH-3O2,[O]OC(C(O)C)C,2
CCY(COCC)OH,OC1COC1C,1
C4H7O2-1,CC=CC[O],2
C4H6-1,CCC#C,1
AC3H5OCH2,[CH2]OCC=C,2
SC3H5OCH2-1,[CH2]OC=CC,2
"C8H141-5,3-4",C=CC(C(C=C)C)C,1
"C8H141-5,3",CC=CCC(C=C)C,1
C8H142-6,CC=CCCC=CC,1
"C8H131-5,3-4,TA",C=C[C](C(C=C)C)C,2
"C8H131-5,3,TA",CC=CC[C](C=C)C,2
"C8H131-5,3,SA",CC=C[CH]C(C=C)C,2
"C8H131-5,3,PA",[CH2]C=CCC(C=C)C,2
"C8H132-6,SA",CC=C[CH]CC=CC,2
"C8H132-6,PA",CC=CCCC=C[CH2],2
"C6H101-3,3",CC=C(C=C)C,1
"C8H131-5,3-4,TAO",C=CC(C(C=C)([O])C)C,2
"C8H131-5,3,TAO",CC=CCC(C=C)([O])C,2
"C8H131-5,3,SAO",CC=CC(C(C=C)C)[O],2
"C8H131-5,3,PAO",CC(C=C)CC=CC[O],2
"C8H132-6,SAO",CC=CCC(C=CC)[O],2
"C8H132-6,PAO",CC=CCCC=CC[O],2
"C7H111-5,3,6P",[CH]=CCC(C=C)C,2
"C7H111-5,1P",[CH]=CCCC=CC,2
"C4H64,2-1OH",[CH2]C=CCO,2
"C4H63,1-1OH",C[CH]C=CO,2
"C4H63,1-3OH",C[C](C=C)O,2
"C4H63,1-2OH",C[CH]C(=C)O,2
C4H5OH-13,OC=CC=C,1
SQC4H7OHP-4,[CH2]CC(OO)CO,2
CY(CCCO)COH,OCC1CCO1,1
NC4KET21OH,CCC(=O)CO,1
C2H5CHOHCO,CCC([C]=O)O,2
CH3COCOHCH3,CC(=O)[C](O)C,2
C2H4COCH2OH,C[CH]C(=O)CO,2
CH3COHCO,CC(=C=O)O,1
CH2COHCHO,OC(=C)C=O,1
SQC4H7OHP-4O2,[O]OCCC(OO)CO,2
PQC4H7OHS-3O2,OOCC(C(O[O])C)O,2
SQC4H7OHS-4O2,[O]OCC(C(OO)C)O,2
"C4H7O2-1,3OOH",OOCC(C(OO)C)[O],2
NC4KET13OH-2,OOC(C(C=O)O)C,1
NC4KET24OH-1,OOCCC(=O)CO,1
NC4KET24OH-3,CC(=O)C(COO)O,1
C4H6OHOOH1-4-3,OCC(C=C)OO,1
C4H6OHOOH2-2-1,CC=C(COO)O,1
C4H6OHOOH1-3-4,OC(C=C)COO,1
C4H6OHOOH1-2-3,OOC(C(=C)O)C,1
HOCH2CHO,OCC=O,1
C4H71-4OOH,OOCCC=C,1
C4H71-4O2,[O]OCCC=C,2
C4H61-3OOH4,OOC[CH]C=C,2
C4H6O1-3OOH4,[O]C(C=C)COO,2
C4H6O2-1OOH4,OOCC=CC[O],2
HOCH2COCH2,[CH2]C(=O)CO,2
HOCH2CO,OC[C]=O,2
HOCHCHO,O[CH]C=O,2
PC3H4OH-3,O[CH]C=C,2
PC3H4OH-1,CC=[C]O,2
CH3COCHOH,CC(=O)[CH]O,2
SC2H2OH,O[C]=C,2
PC4H8OH-1,CCC[CH]O,2
PC4H8OH-3,C[CH]CCO,2
C4H7O1-4,[O]CCC=C,2
PC4H8OH-4,[CH2]CCCO,2
SC4H8OH-2,CC[C](O)C,2
CH2COHCO,OC(=C)[C]=O,2
C4H72-2O2,CC(=CC)O[O],2
C4H71-1O2,CCC=CO[O],2
C4H71-2O2,CCC(=C)O[O],2
C3H6OH1-1,CC[CH]O,2
PC4H8OH-2O2,CCC(O[O])CO,2
SC4H8OH-1O2,CCC(CO[O])O,2
C4H71-3OOCH3,CC(C=C)OOC,1
C4H72-1OOCH3,COOCC=CC,1
C4H6,C=CC=C,1
C4H612,CC=C=C,1
C4H6-2,CC#CC,1
C4H5-I,C=[C]C=C,2
C4H5-N,C=CC=[CH],2
C4H5-2,CC#C[CH2],2
C4H4,C=CC#C,1
C4H3-I,C=[C]C#C,2
C4H3-N,[CH]=CC#C,2
C4H2,C#CC#C,1
C4H6O25,O1CC=CC1,1
C2H3CHOCH2,C=CC1CO1,1
C4H4O,CC#CC=O,1
C4H6O23,C1CC=CO1,1
CH2CHCHCHO,[CH2]C=CC=O,2
H2C4O,O1C=C1C#C,1
NC3H7CHO,CCCC=O,1
NC3H7CO,CCC[C]=O,2
C3H6CHO-1,[CH2]CCC=O,2
C3H6CHO-2,C[CH]CC=O,2
C3H6CHO-3,CC[CH]C=O,2
SC3H5CHO,CC=CC=O,1
SC3H5CO,CC=C[C]=O,2
C2H5COCH3,CCC(=O)C,1
C2H5COCH2,CCC(=O)[CH2],2
CH2CH2COCH3,[CH2]CC(=O)C,2
CH3CHCOCH3,C[CH]C(=O)C,2
C2H3COCH3,CC(=O)C=C,1
CH3CHOOCOCH3,CC(C(=O)C)O[O],2
CH2CHOOHCOCH3,[CH2]C(C(=O)C)OO,2
C2H5CHCO,CCC=C=O,1
NC5H12,CCCCC,1
C5H11-1,CCCC[CH2],2
C5H11-2,C[CH]CCC,2
C5H11-3,CC[CH]CC,2
C5H11O2H-1,CCCCCOO,1
C5H11O2H-2,CC(OO)CCC,1
C5H11O2H-3,CCC(OO)CC,1
C5H11O2-1,CCCCCO[O],2
C5H11O2-2,CC(O[O])CCC,2
C5H11O2-3,CCC(O[O])CC,2
C5H11O-1,CCCCC[O],2
C5H11O-2,CCCC([O])C,2
C5H11O-3,CCC(CC)[O],2
C5H10OOH1-2,CCC[CH]COO,2
C5H10OOH1-3,CC[CH]CCOO,2
C5H10OOH1-4,C[CH]CCCOO,2
C5H10OOH1-5,[CH2]CCCCOO,2
C5H10OOH2-1,[CH2]C(OO)CCC,2
C5H10OOH2-3,CC(OO)[CH]CC,2
C5H10OOH2-4,CC(OO)C[CH]C,2
C5H10OOH2-5,CC(OO)CC[CH2],2
C5H10OOH3-1,CCC(OO)C[CH2],2
C5H10OOH3-2,C[CH]C(OO)CC,2
C5H10O1-2,CCCC1CO1,1
C5H10O1-3,CCC1CCO1,1
C5H10O1-4,CC1CCCO1,1
C5H10O1-5,C1CCCOC1,1
C5H10O2-3,CCC1OC1C,1
C5H10O2-4,CC1CC(O1)C,1
C5H10OOH1-2O2,CCCC(COO)O[O],2
C5H10OOH1-3O2,OOCCC(O[O])CC,2
C5H10OOH1-4O2,OOCCCC(O[O])C,2
C5H10OOH1-5O2,OOCCCCCO[O],2
C5H10OOH2-1O2,CCCC(CO[O])OO,2
C5H10OOH2-3O2,CCC(C(OO)C)O[O],2
C5H10OOH2-4O2,OOC(CC(O[O])C)C,2
C5H10OOH2-5O2,[O]OCCCC(OO)C,2
C5H10OOH3-1O2,[O]OCCC(OO)CC,2
C5H10OOH3-2O2,CCC(C(O[O])C)OO,2
"C5H91-2,3OOH",CCC(C(OO)[CH2])OO,2
"C5H91-2,4OOH",OOC(CC(OO)C)[CH2],2
"C5H91-2,5OOH",OOCCCC(OO)[CH2],2
"C5H91-3,4OOH",[CH2]CC(C(OO)C)OO,2
"C5H91-3,5OOH",OOCCC(OO)C[CH2],2
"C5H91-4,5OOH",[CH2]CCC(COO)OO,2
"C5H92-1,3OOH",OOC[CH]C(OO)CC,2
"C5H92-1,4OOH",OOC[CH]CC(OO)C,2
"C5H92-1,5OOH",OOC[CH]CCCOO,2
"C5H92-3,4OOH",C[CH]C(C(OO)C)OO,2
"C5H92-3,5OOH",OOCCC(OO)[CH]C,2
"C5H92-4,5OOH",C[CH]CC(COO)OO,2
"C5H93-1,2OOH",CC[CH]C(COO)OO,2
"C5H93-1,4OOH",OOCC[CH]C(OO)C,2
"C5H93-1,5OOH",OOCC[CH]CCOO,2
"C5H93-2,4OOH",OOC([CH]C(OO)C)C,2
C5H91-3OOH,CCC(C=C)OO,1
C5H91-4OOH,CC(OO)CC=C,1
C5H91-5OOH,OOCCCC=C,1
C5H92-1OOH,CCC=CCOO,1
C5H92-4OOH,CC(C=CC)OO,1
C5H92-5OOH,CC=CCCOO,1
C5H9O1-2OOH-3,CCC(C1CO1)OO,1
C5H9O1-2OOH-4,CC(OO)CC1CO1,1
C5H9O1-2OOH-5,OOCCCC1CO1,1
C5H9O1-3OOH-2,CCC1OCC1OO,1
C5H9O1-3OOH-4,CC(C1CCO1)OO,1
C5H9O1-3OOH-5,OOCCC1CCO1,1
C5H9O1-4OOH-2,OOC1COC(C1)C,1
C5H9O1-4OOH-3,CC1OCCC1OO,1
C5H9O1-4OOH-5,OOCC1CCCO1,1
C5H9O1-5OOH-2,OOC1CCCOC1,1
C5H9O1-5OOH-3,OOC1CCOCC1,1
C5H9O2-3OOH-1,CCC1OC1COO,1
C5H9O2-3OOH-4,CC(C1OC1C)OO,1
C5H9O2-3OOH-5,CC1OC1CCOO,1
C5H9O2-4OOH-1,CC1CC(O1)COO,1
C5H9O2-4OOH-3,OOC1C(C)OC1C,1
C5H9O1-2O-5,[O]CCCC1CO1,2
CH2CH2OCH2CH2CHO,[CH2]COCCC=O,2
NC5KET12,CCCC(C=O)OO,1
NC5KET13,CCC(OO)CC=O,1
NC5KET14,CC(OO)CCC=O,1
NC5KET15,OOCCCCC=O,1
NC5KET21,CCCC(=O)COO,1
NC5KET23,CCC(C(=O)C)OO,1
NC5KET24,CC(OO)CC(=O)C,1
NC5KET25,OOCCCC(=O)C,1
NC5KET31,CCC(=O)CCOO,1
NC5KET32,CC(C(=O)CC)OO,1
NC5KET12O,CCCC(C=O)[O],2
NC5KET13O,CCC(CC=O)[O],2
NC5KET14O,O=CCCC([O])C,2
NC5KET15O,[O]CCCCC=O,2
NC5KET21O,CCCC(=O)C[O],2
NC5KET23O,CCC(C(=O)C)[O],2
NC5KET24O,CC(CC(=O)C)[O],2
NC5KET25O,[O]CCCC(=O)C,2
NC5KET31O,[O]CCC(=O)CC,2
NC5KET32O,CCC(=O)C([O])C,2
NC5DIONE13,CCC(=O)CC=O,1
NC5DIONE24,CC(=O)CC(=O)C,1
C5H10OH23,CC[CH]C(O)C,2
O2C5H10OH23,CCC(C(O)C)O[O],2
OCH2CHO,[O]CC=O,2
CH2OCH2CHO,[CH2]OCC=O,2
C2H4OCHO,CC(C=O)[O],2
C5H10OOH1-3OH,CCC(CCOO)O,1
C5H10OOH2-4OH,OOC(CC(O)C)C,1
C5H10OOH3-1OH,OCCC(OO)CC,1
NC5CYCPER13,CCC1CC(OO1)O,1
NC5CYCPER24,CC1OOC(C1)(C)O,1
NC5CYCPER31,CCC1(O)CCOO1,1
IC5H12,CCC(C)C,1
AC5H11,CCC([CH2])C,2
BC5H11,CC[C](C)C,2
CC5H11,C[CH]C(C)C,2
DC5H11,[CH2]CC(C)C,2
AC5H9O-A2,CCC(=C)C[O],2
AC5H11O2H,CC(CC)COO,1
BC5H11O2H,CCC(OO)(C)C,1
CC5H11O2H,OOC(C(C)C)C,1
DC5H11O2H,OOCCC(C)C,1
AC5H11O2,CC(CC)CO[O],2
BC5H11O2,CCC(O[O])(C)C,2
CC5H11O2,[O]OC(C(C)C)C,2
DC5H11O2,[O]OCCC(C)C,2
AC5H11O,CCC(C[O])C,2
BC5H11O,CCC([O])(C)C,2
CC5H11O,CC(C(C)C)[O],2
DC5H11O,[O]CCC(C)C,2
AC5H10OOH-A,[CH2]C(CC)COO,2
AC5H10OOH-B,C[C](CC)COO,2
AC5H10OOH-C,CC([CH]C)COO,2
AC5H10OOH-D,CC(C[CH2])COO,2
BC5H10OOH-A,CCC(OO)([CH2])C,2
BC5H10OOH-C,C[CH]C(OO)(C)C,2
BC5H10OOH-D,[CH2]CC(OO)(C)C,2
CC5H10OOH-A,OOC(C([CH2])C)C,2
CC5H10OOH-B,OOC([C](C)C)C,2
CC5H10OOH-D,OOC(C(C)C)[CH2],2
DC5H10OOH-A,OOCCC([CH2])C,2
DC5H10OOH-B,OOCC[C](C)C,2
DC5H10OOH-C,OOC[CH]C(C)C,2
A-AC5H10O,CCC1COC1,1
A-BC5H10O,CCC1(C)CO1,1
A-CC5H10O,CC1OCC1C,1
A-DC5H10O,CC1COCC1,1
B-CC5H10O,CC1OC1(C)C,1
B-DC5H10O,CC1(C)CCO1,1
C-DC5H10O,CC(C1OC1)C,1
AC5H10OOH-AO2,OOCC(CO[O])CC,2
AC5H10OOH-BO2,OOCC(O[O])(CC)C,2
AC5H10OOH-CO2,OOCC(C(O[O])C)C,2
AC5H10OOH-DO2,[O]OCCC(COO)C,2
BC5H10OOH-AO2,[O]OCC(OO)(CC)C,2
BC5H10OOH-CO2,[O]OC(C(OO)(C)C)C,2
BC5H10OOH-DO2,[O]OCCC(OO)(C)C,2
CC5H10OOH-AO2,[O]OCC(C(OO)C)C,2
CC5H10OOH-BO2,OOC(C(O[O])(C)C)C,2
CC5H10OOH-DO2,[O]OCC(C(C)C)OO,2
DC5H10OOH-AO2,OOCCC(CO[O])C,2
DC5H10OOH-BO2,OOCCC(O[O])(C)C,2
DC5H10OOH-CO2,OOCC(C(C)C)O[O],2
"C5H9A-A,BOOH",OOCC(OO)(CC)[CH2],2
"C5H9A-A,COOH",OOCC(C(OO)C)[CH2],2
"C5H9A-A,DOOH",OOCCC(COO)[CH2],2
"C5H9A-B,COOH",OOC(C(OO)([CH2])C)C,2
"C5H9A-B,DOOH",OOCCC(OO)([CH2])C,2
"C5H9A-C,DOOH",OOCC(C([CH2])C)OO,2
"C5H9B-A,AOOH",OOC[C](COO)CC,2
"C5H9B-A,COOH",OOC[C](C(OO)C)C,2
"C5H9B-A,DOOH",OOCC[C](COO)C,2
"C5H9B-C,DOOH",OOCC([C](C)C)OO,2
"C5H9C-A,AOOH",OOCC(COO)[CH]C,2
"C5H9C-A,BOOH",OOCC(OO)([CH]C)C,2
"C5H9C-A,DOOH",OOC[CH]C(COO)C,2
"C5H9C-B,DOOH",OOC[CH]C(OO)(C)C,2
"C5H9D-A,AOOH",OOCC(COO)C[CH2],2
"C5H9D-A,BOOH",OOCC(OO)(C[CH2])C,2
"C5H9D-A,COOH",OOCC(C(OO)[CH2])C,2
"C5H9D-B,COOH",OOC(C(OO)(C)C)[CH2],2
C5H9A-AOOH,CCC(=C)COO,1
C5H9A-COOH,CC(C(=C)C)OO,1
C5H9A-DOOH,OOCCC(=C)C,1
C5H9B-AOOH,CC(=CC)COO,1
C5H9B-DOOH,OOCC=C(C)C,1
C5H9C-AOOH,CC(C=C)COO,1
C5H9C-BOOH,OOC(C=C)(C)C,1
C5H9OA-AOOH-B,CCC1(OO)COC1,1
C5H9OA-AOOH-C,OOC(C1COC1)C,1
C5H9OA-AOOH-D,OOCCC1COC1,1
C5H9OA-BOOH-A,CCC1(COO)CO1,1
C5H9OA-BOOH-C,CC(C1(C)CO1)OO,1
C5H9OA-BOOH-D,OOCCC1(C)CO1,1
C5H9OA-COOH-A,CC1OCC1COO,1
C5H9OA-COOH-B,CC1(COC1C)OO,1
C5H9OA-COOH-D,CC1COC1COO,1
C5H9OA-DOOH-A,OOCC1COCC1,1
C5H9OA-DOOH-B,OOC1(C)COCC1,1
C5H9OA-DOOH-C,CC1COCC1OO,1
C5H9OB-COOH-A,CC1(COO)OC1C,1
C5H9OB-COOH-D,OOCC1OC1(C)C,1
C5H9OB-DOOH-A,CC1(COO)CCO1,1
C5H9OB-DOOH-C,OOC1COC1(C)C,1
C5H9OC-DOOH-A,CC(C1CO1)COO,1
C5H9OC-DOOH-B,OOC(C1OC1)(C)C,1
CH3COCH2OCH2CH2,[CH2]COCC(=O)C,2
IC5KETAA,CCC(C=O)COO,1
IC5KETAB,CC(C=O)(OO)CC,1
IC5KETAC,OOC(C(C=O)C)C,1
IC5KETAD,CC(C=O)CCOO,1
IC5KETCA,CC(C(=O)C)COO,1
IC5KETCB,OOC(C(=O)C)(C)C,1
IC5KETCD,OOCC(=O)C(C)C,1
IC5KETDA,OOCC(CC=O)C,1
IC5KETDB,OOC(CC=O)(C)C,1
IC5KETDC,OOC(C(C)C)C=O,1
IC5KETAAO,CCC(C=O)C[O],2
IC5KETABO,CC(C=O)(CC)[O],2
IC5KETACO,CC(C([O])C)C=O,2
IC5KETADO,CC(C=O)CC[O],2
IC5KETCAO,CC(C(=O)C)C[O],2
IC5KETCBO,CC(=O)C([O])(C)C,2
IC5KETCDO,[O]CC(=O)C(C)C,2
IC5KETDAO,CC(C[O])CC=O,2
IC5KETDBO,O=CCC([O])(C)C,2
IC5KETDCO,O=CC(C(C)C)[O],2
AC5H10OH,CC[C](CO)C,2
BC5H10OH,C[CH]C(O)(C)C,2
CC5H10OH,[CH2]C(C(C)C)O,2
AO2C5H10OH,CCC(O[O])(CO)C,2
BO2C5H10OH,[O]OC(C(O)(C)C)C,2
CO2C5H10OH,[O]OCC(C(C)C)O,2
IC3H5COCH3,CC(=O)C(=C)C,1
IC3H5COCH2,[O]C(=C)C(=C)C,2
AC3H4COCH3,CC(=O)C(=C)[CH2],2
NEOC5H12,CC(C)(C)C,1
NEOC5H11,CC([CH2])(C)C,2
NEOC5H11O2H,OOCC(C)(C)C,1
NEOC5H11O2,[O]OCC(C)(C)C,2
NEOC5H11O,[O]CC(C)(C)C,2
NEOC5H10OOH,OOCC([CH2])(C)C,2
NEO-C5H10O,CC1(C)COC1,1
NEOC5H10OOH-O2,OOCC(CO[O])(C)C,2
NEOC5H9Q2,OOCC(COO)([CH2])C,2
NEOC5KET,OOCC(C=O)(C)C,1
NEOC5KETOX,[O]CC(C=O)(C)C,2
NEOC5KEJOL,OCC([C]=O)(C)C,2
IC4H6Q2-II,OOCC(=C)COO,1
NEOC5H9O-OOH,OOCC1(C)COC1,1
C5H10-1,CCCC=C,1
C5H10-2,CCC=CC,1
C5H81-3,CC=CC=C,1
C5H91-3,CC[CH]C=C,2
C5H91-4,C[CH]CC=C,2
C5H91-5,[CH2]CCC=C,2
C5H92-4,C[CH]C=CC,2
C5H92-5,[CH2]CC=CC,2
C5H9O1-3,CCC(C=C)[O],2
C5H9O2-4,CC=CC([O])C,2
BC5H10,CC=C(C)C,1
CC5H10,C=CC(C)C,1
CC5H9-A,C=CC([CH2])C,2
CC5H9-B,C=C[C](C)C,2
AC5H9O-C,CC(=C)C([O])C,2
CC5H9O-B,C=CC([O])(C)C,2
AC5H10,CCC(=C)C,1
AC5H9-A2,CCC(=C)[CH2],2
AC5H9-C,C[CH]C(=C)C,2
AC5H9-D,[CH2]CC(=C)C,2
B2E2M1OJ,CC(=CC)C[O],2
B13DE2M,C=CC(=C)C,1
B13DE2MJ,C=CC(=C)[CH2],2
B12DE3M,C=C=C(C)C,1
B2E3M1OJ,[O]CC=C(C)C,2
TC4H8CHO,O=CC([CH2])(C)C,2
O2C4H8CHO,[O]OCC(C=O)(C)C,2
O2HC4H8CO,OOCC([C]=O)(C)C,2
PC4H8CHO-1O2,CCCC(C=O)O[O],2
PC4H8CHO-2O2,CCC(O[O])CC=O,2
PC4H8CHO-3O2,CC(O[O])CCC=O,2
PC4H8CHO-4O2,[O]OCCCCC=O,2
C4H7CHO-2,CCC=CC=O,1
C4H7CHO-3,O=CCC=CC,1
C4H7CHO-4,C=CCCC=O,1
NC3H7COCH3,CCCC(=O)C,1
C2H5COC2H5,CCC(=O)CC,1
NC3H7COCH2,CCCC(=O)[CH2],2
CH3CH2CHCOCH3,CC[CH]C(=O)C,2
CH3CHCH2COCH3,C[CH]CC(=O)C,2
CH2CH2CH2COCH3,[CH2]CCC(=O)C,2
CH2CH2COC2H5,CCC(=O)C[CH2],2
CH3CHCOC2H5,C[CH]C(=O)CC,2
NC52ONEO2-3,CCC(C(=O)C)O[O],2
NC52ONEO2-4,CC(O[O])CC(=O)C,2
NC52ONEO2-5,[O]OCCCC(=O)C,2
NC53ONEO2-1,CCC(=O)CCO[O],2
NC53ONEO2-2,CC(C(=O)CC)O[O],2
NC52ONE-3,CC=CC(=O)C,1
NC52ONE-4,CC(=O)CC=C,1
NC53ONE-1,CCC(=O)C=C,1
NC5H11OH,CCCCCO,1
C5H10OH11,CCCC[CH]O,2
C5H10OH12,CCC[CH]CO,2
C5H10OH13,CC[CH]CCO,2
C5H10OH14,C[CH]CCCO,2
C5H10OH15,[CH2]CCCCO,2
C5H10OH-1O2,CCCCC(O[O])O,2
C5H10OH-2O2,CCCC(O[O])CO,2
C5H10OH-3O2,OCCC(O[O])CC,2
C5H10OH-4O2,OCCCC(O[O])C,2
C5H10OH-5O2,OCCCCCO[O],2
C5H9OH1-1,CCCC=CO,1
C5H9OH1-2,CCC=CCO,1
C5H9OH1-3,CC=CCCO,1
C5H9OH1-4,OCCCC=C,1
NC6H14,CCCCCC,1
C6H13-1,CCCCC[CH2],2
C6H13-2,C[CH]CCCC,2
C6H13-3,CC[CH]CCC,2
C6H13OOH-1,CCCCCCOO,1
C6H13OOH-2,CC(OO)CCCC,1
C6H13OOH-3,CCCC(OO)CC,1
C6H13O2-1,CCCCCCO[O],2
C6H13O2-2,CC(O[O])CCCC,2
C6H13O2-3,CCCC(O[O])CC,2
C6H13O-1,CCCCCC[O],2
C6H13O-2,CCCCC([O])C,2
C6H13O-3,CCCC(CC)[O],2
C6H12OOH1-2,CCCC[CH]COO,2
C6H12OOH1-3,CCC[CH]CCOO,2
C6H12OOH1-4,CC[CH]CCCOO,2
C6H12OOH1-5,C[CH]CCCCOO,2
C6H12OOH2-1,[CH2]C(OO)CCCC,2
C6H12OOH2-3,CC(OO)[CH]CCC,2
C6H12OOH2-4,CC(OO)C[CH]CC,2
C6H12OOH2-5,CC(OO)CC[CH]C,2
C6H12OOH2-6,CC(OO)CCC[CH2],2
C6H12OOH3-1,CCCC(OO)C[CH2],2
C6H12OOH3-2,CCCC(OO)[CH]C,2
C6H12OOH3-4,CC[CH]C(OO)CC,2
C6H12OOH3-5,C[CH]CC(OO)CC,2
C6H12OOH3-6,[CH2]CCC(OO)CC,2
C6H12O1-2,CCCCC1CO1,1
C6H12O1-3,CCCC1CCO1,1
C6H12O1-4,CCC1CCCO1,1
C6H12O1-5,CC1CCCCO1,1
C6H12O2-3,CCCC1OC1C,1
C6H12O2-4,CCC1CC(O1)C,1
C6H12O2-5,CC1CCC(O1)C,1
C6H12O3-4,CCC1OC1CC,1
C6H12OOH1-2O2,CCCCC(COO)O[O],2
C6H12OOH1-3O2,CCCC(CCOO)O[O],2
C6H12OOH1-4O2,OOCCCC(O[O])CC,2
C6H12OOH1-5O2,OOCCCCC(O[O])C,2
C6H12OOH2-1O2,CCCCC(CO[O])OO,2
C6H12OOH2-3O2,CC(C(O[O])CCC)OO,2
C6H12OOH2-4O2,OOC(CC(O[O])CC)C,2
C6H12OOH2-5O2,OOC(CCC(O[O])C)C,2
C6H12OOH2-6O2,[O]OCCCCC(OO)C,2
C6H12OOH3-1O2,CCCC(CCO[O])OO,2
C6H12OOH3-2O2,CC(C(OO)CCC)O[O],2
C6H12OOH3-4O2,CCC(C(OO)CC)O[O],2
C6H12OOH3-5O2,[O]OC(CC(OO)CC)C,2
C6H12OOH3-6O2,[O]OCCCC(OO)CC,2
C6H11-1D3OOH,CCCC(C=C)OO,1
C6H11-1D4OOH,CCC(OO)CC=C,1
C6H11-1D5OOH,CC(OO)CCC=C,1
C6H11-1D6OOH,OOCCCCC=C,1
C6H11-2D1OOH,CCCC=CCOO,1
C6H11-2D4OOH,CC=CC(OO)CC,1
C6H11-2D5OOH,CC(OO)CC=CC,1
C6H11-2D6OOH,OOCCCC=CC,1
C6H11-3D1OOH,CCC=CCCOO,1
C6H11-3D2OOH,CC(C=CCC)OO,1
C6H11Q12-3,CCC[CH]C(COO)OO,2
C6H11Q12-4,CC[CH]CC(COO)OO,2
C6H11Q12-5,C[CH]CCC(COO)OO,2
C6H11Q12-6,[CH2]CCCC(COO)OO,2
C6H11Q13-2,CCCC([CH]COO)OO,2
C6H11Q13-4,CC[CH]C(CCOO)OO,2
C6H11Q13-5,C[CH]CC(CCOO)OO,2
C6H11Q13-6,[CH2]CCC(CCOO)OO,2
C6H11Q14-2,OOC[CH]CC(OO)CC,2
C6H11Q14-3,OOCC[CH]C(OO)CC,2
C6H11Q14-5,OOCCCC(OO)[CH]C,2
C6H11Q14-6,OOCCCC(OO)C[CH2],2
C6H11Q15-2,OOC[CH]CCC(OO)C,2
C6H11Q15-3,OOCC[CH]CC(OO)C,2
C6H11Q15-4,OOCCC[CH]C(OO)C,2
C6H11Q15-6,OOCCCCC(OO)[CH2],2
C6H11Q23-1,[CH2]C(C(OO)CCC)OO,2
C6H11Q23-4,CC(C(OO)[CH]CC)OO,2
C6H11Q23-5,CC(C(OO)C[CH]C)OO,2
C6H11Q23-6,CC(C(OO)CC[CH2])OO,2
C6H11Q24-1,OOC(CC(OO)CC)[CH2],2
C6H11Q24-3,OOC([CH]C(OO)CC)C,2
C6H11Q24-5,OOC(CC(OO)[CH]C)C,2
C6H11Q24-6,OOC(CC(OO)C[CH2])C,2
C6H11Q25-1,OOC(CCC(OO)C)[CH2],2
C6H11Q25-3,OOC([CH]CC(OO)C)C,2
C6H11Q34-1,CCC(C(OO)C[CH2])OO,2
C6H11Q34-2,C[CH]C(C(OO)CC)OO,2
C6KET12,CCCCC(C=O)OO,1
C6KET13,CCCC(CC=O)OO,1
C6KET14,CCC(OO)CCC=O,1
C6KET15,O=CCCCC(OO)C,1
C6KET21,CCCCC(=O)COO,1
C6KET23,CCCC(C(=O)C)OO,1
C6KET24,CCC(CC(=O)C)OO,1
C6KET25,CC(OO)CCC(=O)C,1
C6KET26,OOCCCCC(=O)C,1
C6KET31,CCCC(=O)CCOO,1
C6KET32,CC(C(=O)CCC)OO,1
C6KET34,CCC(=O)C(OO)CC,1
C6KET35,CC(OO)CC(=O)CC,1
C6KET36,OOCCCC(=O)CC,1
C5H91-1,CCCC=[CH],2
C6H11O12-3OOH,CCCC(C1CO1)OO,1
C6H11O12-4OOH,CCC(OO)CC1CO1,1
C6H11O12-5OOH,CC(OO)CCC1CO1,1
C6H11O12-6OOH,OOCCCCC1OC1,1
C6H11O13-2OOH,CCCC1OCC1OO,1
C6H11O13-4OOH,CCC(C1CCO1)OO,1
C6H11O13-5OOH,CC(OO)CC1CCO1,1
C6H11O13-6OOH,OOCCCC1CCO1,1
C6H11O14-2OOH,CCC1OCC(C1)OO,1
C6H11O14-3OOH,CCC1OCCC1OO,1
C6H11O14-5OOH,OOC(C1CCCO1)C,1
C6H11O14-6OOH,OOCCC1CCCO1,1
C6H11O15-2OOH,OOC1CCC(OC1)C,1
C6H11O15-3OOH,OOC1CCOC(C1)C,1
C6H11O15-4OOH,OOC1CCCOC1C,1
C6H11O15-6OOH,OOCC1CCCCO1,1
C6H11O23-1OOH,CCCC1OC1COO,1
C6H11O23-4OOH,CCC(C1OC1C)OO,1
C6H11O23-5OOH,CC(OO)CC1OC1C,1
C6H11O23-6OOH,OOCCCC1OC1C,1
C6H11O24-1OOH,CCC1CC(O1)COO,1
C6H11O24-3OOH,CCC1OC(C1OO)C,1
C6H11O24-5OOH,CC(C1CC(O1)C)OO,1
C6H11O24-6OOH,CC1CC(O1)CCOO,1
C6H11O25-1OOH,CC1CCC(O1)COO,1
C6H11O25-3OOH,OOC1CC(OC1C)C,1
C6H11O34-1OOH,CCC1OC1CCOO,1
C6H11O34-2OOH,CC(C1OC1CC)OO,1
C4H7O12-4,[CH2]CC1CO1,2
C4H7O13-4,[CH2]C1CCO1,2
C4H7O23-1,CC1OC1[CH2],2
C5H9O12-5,[CH2]CCC1CO1,2
C5H9O13-5,[CH2]CC1CCO1,2
C5H9O14-5,[CH2]C1CCCO1,2
C5H9O23-1,CCC1OC1[CH2],2
C5H9O23-5,[CH2]CC1OC1C,2
C5H9O24-1,CC1CC(O1)[CH2],2
AC3H5CHO,C=CCC=O,1
PC4H9CO,CCCC[C]=O,2
C6KET12O,CCCCC(C=O)[O],2
C6KET13O,CCCC(CC=O)[O],2
C6KET14O,CCC(CCC=O)[O],2
C6KET15O,O=CCCCC([O])C,2
C6KET21O,CCCCC(=O)C[O],2
C6KET23O,CCCC(C(=O)C)[O],2
C6KET24O,CCC(CC(=O)C)[O],2
C6KET25O,CC(CCC(=O)C)[O],2
C6KET26O,[O]CCCCC(=O)C,2
C6KET31O,CCCC(=O)CC[O],2
C6KET32O,CCCC(=O)C([O])C,2
C6KET34O,CCC(=O)C(CC)[O],2
C6KET35O,CCC(=O)CC([O])C,2
C6KET36O,[O]CCCC(=O)CC,2
C6H12OOH1-2O,CCCCC(COO)[O],2
C6H12OOH1-3O,CCCC(CCOO)[O],2
C6H12OOH1-4O,OOCCCC(CC)[O],2
C6H12OOH1-5O,OOCCCCC([O])C,2
C6H12OOH2-1O,CCCCC(OO)C[O],2
C6H12OOH2-3O,CC(C(CCC)[O])OO,2
C6H12OOH2-4O,CCC(CC(OO)C)[O],2
C6H12OOH2-5O,OOC(CCC([O])C)C,2
C6H12OOH2-6O,[O]CCCCC(OO)C,2
C6H12OOH3-1O,CCCC(CC[O])OO,2
C6H12OOH3-2O,CCCC(C([O])C)OO,2
C6H12OOH3-4O,CCC(C(CC)[O])OO,2
C6H12OOH3-5O,CCC(CC([O])C)OO,2
C6H12OOH3-6O,[O]CCCC(OO)CC,2
NC5H11CHO,CCCCCC=O,1
C6Y2,CCCCC(=O)C,1
CH3COOH,CC(=O)O,1
C2H5COOH,CCC(=O)O,1
C6H12-1,CCCCC=C,1
C6H12-2,CCCC=CC,1
C6H12-3,CCC=CCC,1
C6H111-3,CCC[CH]C=C,2
C6H111-4,CC[CH]CC=C,2
C6H111-5,C[CH]CCC=C,2
C6H111-6,[CH2]CCCC=C,2
C6H112-4,CC[CH]C=CC,2
C6H112-5,C[CH]CC=CC,2
C6H112-6,[CH2]CCC=CC,2
C6H113-1,CCC=CC[CH2],2
C6H12OH-1J2,CCCC[CH]CO,2
C6H12OH-2J1,CCCCC(O)[CH2],2
C6H12OH-2J3,CCC[CH]C(O)C,2
C6H12OH-3J2,CCCC([CH]C)O,2
C6H12OH-3J4,CC[CH]C(CC)O,2
C6H12OH-1O2-2,CCCCC(O[O])CO,2
C6H12OH-2O2-1,CCCCC(CO[O])O,2
C6H12OH-2O2-3,CCCC(C(O)C)O[O],2
C6H12OH-3O2-2,CC(C(CCC)O)O[O],2
C6H12OH-3O2-4,CCC(C(CC)O)O[O],2
PC4H9CHO,CCCCC=O,1
PC4H8CHO-1,CCC[CH]C=O,2
PC4H8CHO-2,CC[CH]CC=O,2
PC4H8CHO-3,C[CH]CCC=O,2
PC4H8CHO-4,[CH2]CCCC=O,2
C6H11-1D3O,CCCC(C=C)[O],2
C6H11-1D4O,CCC(CC=C)[O],2
C6H11-1D5O,C=CCCC([O])C,2
C6H11-1D6O,[O]CCCCC=C,2
C6H11-2D1O,CCCC=CC[O],2
C6H11-2D4O,CC=CC(CC)[O],2
C6H11-2D5O,CC=CCC([O])C,2
C6H11-2D6O,CC=CCCC[O],2
C6H11-3D1O,[O]CCC=CCC,2
C6H11-3D2O,CCC=CC([O])C,2
NC5H11CO,CCCCC[C]=O,2
NC5H10CHO-1,CCCC[CH]C=O,2
NC5H10CHO-2,CCC[CH]CC=O,2
NC5H10CHO-3,CC[CH]CCC=O,2
NC5H10CHO-4,C[CH]CCCC=O,2
NC5H10CHO-5,[CH2]CCCCC=O,2
C6H10D13,CCC=CC=C,1
C6H10D24,CC=CC=CC,1
C6H101-5,C=CCCC=C,1
C6H9-A,C=C[CH]CC=C,2
NC7H16,CCCCCCC,1
C7H15-1,CCCCCC[CH2],2
C7H15-2,C[CH]CCCCC,2
C7H15-3,CC[CH]CCCC,2
C7H15-4,CCC[CH]CCC,2
C7H15OOH-1,CCCCCCCOO,1
C7H15OOH-2,CCCCCC(OO)C,1
C7H15OOH-3,CCCCC(OO)CC,1
C7H15OOH-4,CCCC(CCC)OO,1
C7H15-1O2,CCCCCCCO[O],2
C7H15-2O2,CCCCCC(O[O])C,2
C7H15-3O2,CCCCC(O[O])CC,2
C7H15-4O2,CCCC(CCC)O[O],2
C7H15-1O,CCCCCCC[O],2
C7H15-2O,CCCCCC([O])C,2
C7H15-3O,CCCCC(CC)[O],2
C7H15-4O,CCCC(CCC)[O],2
C7H14OOH1-2,CCCCC[CH]COO,2
C7H14OOH1-3,CCCC[CH]CCOO,2
C7H14OOH1-4,CCC[CH]CCCOO,2
C7H14OOH1-5,CC[CH]CCCCOO,2
C7H14OOH2-1,CCCCCC(OO)[CH2],2
C7H14OOH2-3,CCCC[CH]C(OO)C,2
C7H14OOH2-4,CCC[CH]CC(OO)C,2
C7H14OOH2-5,CC[CH]CCC(OO)C,2
C7H14OOH2-6,C[CH]CCCC(OO)C,2
C7H14OOH3-1,CCCCC(OO)C[CH2],2
C7H14OOH3-2,CCCCC(OO)[CH]C,2
C7H14OOH3-4,CCC[CH]C(OO)CC,2
C7H14OOH3-5,CC[CH]CC(OO)CC,2
C7H14OOH3-6,C[CH]CCC(OO)CC,2
C7H14OOH3-7,[CH2]CCCC(OO)CC,2
C7H14OOH4-1,CCCC(CC[CH2])OO,2
C7H14OOH4-2,C[CH]CC(CCC)OO,2
C7H14OOH4-3,CC[CH]C(CCC)OO,2
C7H14O1-2,CCCCCC1CO1,1
C7H14O1-3,CCCCC1CCO1,1
C7H14O1-4,CCCC1CCCO1,1
C7H14O1-5,CCC1CCCCO1,1
C7H14O2-3,CCCCC1OC1C,1
C7H14O2-4,CCCC1CC(O1)C,1
C7H14O2-5,CCC1CCC(O1)C,1
C7H14O2-6,CC1CCCC(O1)C,1
C7H14O3-4,CCCC1OC1CC,1
C7H14O3-5,CCC1CC(O1)CC,1
C7H14OOH1-2O2,CCCCCC(COO)O[O],2
C7H14OOH1-3O2,CCCCC(CCOO)O[O],2
C7H14OOH1-4O2,CCCC(CCCOO)O[O],2
C7H14OOH1-5O2,OOCCCCC(O[O])CC,2
C7H14OOH2-1O2,CCCCCC(CO[O])OO,2
C7H14OOH2-3O2,CC(C(O[O])CCCC)OO,2
C7H14OOH2-4O2,CC(OO)CC(O[O])CCC,2
C7H14OOH2-5O2,OOC(CCC(O[O])CC)C,2
C7H14OOH2-6O2,OOC(CCCC(O[O])C)C,2
C7H14OOH3-1O2,CCCCC(CCO[O])OO,2
C7H14OOH3-2O2,CC(C(OO)CCCC)O[O],2
C7H14OOH3-4O2,CCCC(C(OO)CC)O[O],2
C7H14OOH3-5O2,CCC(CC(OO)CC)O[O],2
C7H14OOH3-6O2,[O]OC(CCC(OO)CC)C,2
C7H14OOH3-7O2,[O]OCCCCC(OO)CC,2
C7H14OOH4-1O2,CCCC(CCCO[O])OO,2
C7H14OOH4-2O2,CC(O[O])CC(OO)CCC,2
C7H14OOH4-3O2,CCCC(C(O[O])CC)OO,2
C7H13Q12-3,CCCC[CH]C(COO)OO,2
C7H13Q12-4,CCC[CH]CC(COO)OO,2
C7H13Q12-5,CC[CH]CCC(COO)OO,2
C7H13Q12-6,C[CH]CCCC(COO)OO,2
C7H13Q13-2,CCCCC([CH]COO)OO,2
C7H13Q13-4,CCC[CH]C(CCOO)OO,2
C7H13Q13-5,CC[CH]CC(CCOO)OO,2
C7H13Q13-6,C[CH]CCC(CCOO)OO,2
C7H13Q13-7,[CH2]CCCC(CCOO)OO,2
C7H13Q14-2,CCCC(C[CH]COO)OO,2
C7H13Q14-3,CCCC([CH]CCOO)OO,2
C7H13Q14-5,CC[CH]C(CCCOO)OO,2
C7H13Q14-6,C[CH]CC(CCCOO)OO,2
C7H13Q14-7,[CH2]CCC(CCCOO)OO,2
C7H13Q15-2,OOC[CH]CCC(OO)CC,2
C7H13Q15-3,OOCC[CH]CC(OO)CC,2
C7H13Q15-4,OOCCC[CH]C(OO)CC,2
C7H13Q15-6,OOCCCCC(OO)[CH]C,2
C7H13Q15-7,OOCCCCC(OO)C[CH2],2
C7H13Q23-1,[CH2]C(C(OO)CCCC)OO,2
C7H13Q23-4,CC(C(OO)[CH]CCC)OO,2
C7H13Q23-5,CC(C(OO)C[CH]CC)OO,2
C7H13Q23-6,CC(C(OO)CC[CH]C)OO,2
C7H13Q23-7,CC(C(OO)CCC[CH2])OO,2
C7H13Q24-1,[CH2]C(OO)CC(OO)CCC,2
C7H13Q24-3,CC(OO)[CH]C(OO)CCC,2
C7H13Q24-5,CC(OO)CC(OO)[CH]CC,2
C7H13Q24-6,CC(OO)CC(OO)C[CH]C,2
C7H13Q24-7,CC(OO)CC(OO)CC[CH2],2
C7H13Q25-1,OOC(CCC(OO)CC)[CH2],2
C7H13Q25-3,OOC([CH]CC(OO)CC)C,2
C7H13Q25-4,OOC(C[CH]C(OO)CC)C,2
C7H13Q25-6,OOC(CCC(OO)[CH]C)C,2
C7H13Q25-7,OOC(CCC(OO)C[CH2])C,2
C7H13Q26-1,OOC(CCCC(OO)C)[CH2],2
C7H13Q26-3,OOC([CH]CCC(OO)C)C,2
C7H13Q26-4,OOC(C[CH]CC(OO)C)C,2
C7H13Q34-1,CCCC(C(OO)C[CH2])OO,2
C7H13Q34-2,CCCC(C(OO)[CH]C)OO,2
C7H13Q34-5,CC[CH]C(C(OO)CC)OO,2
C7H13Q34-6,C[CH]CC(C(OO)CC)OO,2
C7H13Q34-7,[CH2]CCC(C(OO)CC)OO,2
C7H13Q35-1,CCC(CC(OO)C[CH2])OO,2
C7H13Q35-2,C[CH]C(CC(OO)CC)OO,2
C7H13Q35-4,CCC([CH]C(OO)CC)OO,2
C7KET12,CCCCCC(C=O)OO,1
C7KET13,CCCCC(CC=O)OO,1
C7KET14,CCCC(CCC=O)OO,1
C7KET15,O=CCCCC(OO)CC,1
C7KET21,CCCCCC(=O)COO,1
C7KET23,CCCCC(C(=O)C)OO,1
C7KET24,CCCC(CC(=O)C)OO,1
C7KET25,CCC(CCC(=O)C)OO,1
C7KET26,OOC(CCCC(=O)C)C,1
C7KET31,CCCCC(=O)CCOO,1
C7KET32,CC(C(=O)CCCC)OO,1
C7KET34,CCCC(C(=O)CC)OO,1
C7KET35,CCC(=O)CC(OO)CC,1
C7KET36,OOC(CCC(=O)CC)C,1
C7KET37,OOCCCCC(=O)CC,1
C7KET41,CCCC(=O)CCCOO,1
C7KET42,CC(OO)CC(=O)CCC,1
C7KET43,CCCC(=O)C(OO)CC,1
C7H13-1D3OOH,CCCCC(C=C)OO,1
C7H13-1D4OOH,CCCC(CC=C)OO,1
C7H13-1D5OOH,CCC(OO)CCC=C,1
C7H13-1D6OOH,C=CCCCC(OO)C,1
C7H13-2D1OOH,CCCCC=CCOO,1
C7H13-2D4OOH,CCCC(C=CC)OO,1
C7H13-2D5OOH,CC=CCC(OO)CC,1
C7H13-2D6OOH,CC=CCCC(OO)C,1
C7H13-2D7OOH,OOCCCCC=CC,1
C7H13-3D1OOH,CCCC=CCCOO,1
C7H13-3D2OOH,CCCC=CC(OO)C,1
C7H13-3D5OOH,CCC=CC(OO)CC,1
C7H13-3D6OOH,CC(OO)CC=CCC,1
C7H13-3D7OOH,CCC=CCCCOO,1
C7H13O12-3OOH,CCCCC(C1CO1)OO,1
C7H13O12-4OOH,CCCC(CC1CO1)OO,1
C7H13O12-5OOH,CCC(OO)CCC1CO1,1
C7H13O12-6OOH,OOC(CCCC1CO1)C,1
C7H13O13-2OOH,CCCCC1OCC1OO,1
C7H13O13-4OOH,CCCC(C1CCO1)OO,1
C7H13O13-5OOH,CCC(OO)CC1CCO1,1
C7H13O13-6OOH,OOC(CCC1CCO1)C,1
C7H13O13-7OOH,OOCCCCC1CCO1,1
C7H13O14-2OOH,CCCC1CC(CO1)OO,1
C7H13O14-3OOH,CCCC1OCCC1OO,1
C7H13O14-5OOH,CCC(C1CCCO1)OO,1
C7H13O14-6OOH,OOC(CC1CCCO1)C,1
C7H13O14-7OOH,OOCCCC1CCCO1,1
C7H13O15-2OOH,OOC1CCC(OC1)CC,1
C7H13O15-3OOH,CCC1OCCC(C1)OO,1
C7H13O15-4OOH,CCC1OCCCC1OO,1
C7H13O15-6OOH,OOC(C1CCCCO1)C,1
C7H13O15-7OOH,OOCCC1CCCCO1,1
C7H13O23-1OOH,CCCCC1OC1COO,1
C7H13O23-4OOH,CCCC(C1OC1C)OO,1
C7H13O23-5OOH,CCC(CC1OC1C)OO,1
C7H13O23-6OOH,OOC(CCC1OC1C)C,1
C7H13O23-7OOH,OOCCCCC1OC1C,1
C7H13O24-1OOH,CCCC1CC(O1)COO,1
C7H13O24-3OOH,CCCC1OC(C1OO)C,1
C7H13O24-5OOH,CCC(C1CC(O1)C)OO,1
C7H13O24-6OOH,CC(OO)CC1CC(O1)C,1
C7H13O24-7OOH,CC1CC(O1)CCCOO,1
C7H13O25-1OOH,CCC1CCC(O1)COO,1
C7H13O25-3OOH,CCC1CC(C(O1)C)OO,1
C7H13O25-4OOH,CCC1OC(CC1OO)C,1
C7H13O25-6OOH,CC(C1CCC(O1)C)OO,1
C7H13O25-7OOH,CC1CCC(O1)CCOO,1
C7H13O26-1OOH,CC1CCCC(O1)COO,1
C7H13O26-3OOH,CC1OC(C)CCC1OO,1
C7H13O26-4OOH,OOC1CC(C)OC(C1)C,1
C7H13O34-1OOH,CCCC1OC1CCOO,1
C7H13O34-2OOH,CCCC1OC1C(OO)C,1
C7H13O34-5OOH,CCC(C1OC1CC)OO,1
C7H13O34-6OOH,CC(OO)CC1OC1CC,1
C7H13O34-7OOH,CCC1OC1CCCOO,1
C7H13O35-1OOH,CCC1CC(O1)CCOO,1
C7H13O35-2OOH,CC(C1CC(O1)CC)OO,1
C7H13O35-4OOH,CCC1OC(C1OO)CC,1
C7KET12O,CCCCCC(C=O)[O],2
C7KET13O,CCCCC(CC=O)[O],2
C7KET14O,CCCC(CCC=O)[O],2
C7KET15O,O=CCCCC(CC)[O],2
C7KET21O,CCCCCC(=O)C[O],2
C7KET23O,CCCCC(C(=O)C)[O],2
C7KET24O,CCCC(CC(=O)C)[O],2
C7KET25O,CCC(CCC(=O)C)[O],2
C7KET26O,CC(CCCC(=O)C)[O],2
C7KET31O,CCCCC(=O)CC[O],2
C7KET32O,CCCCC(=O)C([O])C,2
C7KET34O,CCCC(C(=O)CC)[O],2
C7KET35O,CCC(CC(=O)CC)[O],2
C7KET36O,CCC(=O)CCC([O])C,2
C7KET37O,[O]CCCCC(=O)CC,2
C7KET41O,CCCC(=O)CCC[O],2
C7KET42O,CCCC(=O)CC([O])C,2
C7KET43O,CCCC(=O)C(CC)[O],2
C7Y24,CCCC(=O)CC(=O)C,1
C7Y13,CCCCC(=O)CC=O,1
C7Y35,CCC(=O)CC(=O)CC,1
C7H14OOH1-2O,CCCCCC(COO)[O],2
C7H14OOH1-3O,CCCCC(CCOO)[O],2
C7H14OOH1-4O,CCCC(CCCOO)[O],2
C7H14OOH1-5O,OOCCCCC(CC)[O],2
C7H14OOH2-1O,CCCCCC(OO)C[O],2
C7H14OOH2-3O,CC(C(CCCC)[O])OO,2
C7H14OOH2-4O,CC(OO)CC(CCC)[O],2
C7H14OOH2-5O,CCC(CCC(OO)C)[O],2
C7H14OOH2-6O,OOC(CCCC([O])C)C,2
C7H14OOH3-1O,CCCCC(CC[O])OO,2
C7H14OOH3-2O,CCCCC(C([O])C)OO,2
C7H14OOH3-4O,CCCC(C(OO)CC)[O],2
C7H14OOH3-5O,CCC(CC(OO)CC)[O],2
C7H14OOH3-6O,CCC(CCC([O])C)OO,2
C7H14OOH3-7O,[O]CCCCC(OO)CC,2
C7H14OOH4-1O,CCCC(CCC[O])OO,2
C7H14OOH4-2O,CCCC(CC([O])C)OO,2
C7H14OOH4-3O,CCCC(C(CC)[O])OO,2
C6H11O13-6,[CH2]CCC1CCO1,2
C6H11O14-6,[CH2]CC1CCCO1,2
C6H11O15-6,[CH2]C1CCCCO1,2
C6H11O23-1,CCCC1OC1[CH2],2
C6H11O23-6,[CH2]CCC1OC1C,2
C6H11O24-1,CCC1CC(O1)[CH2],2
C6H11O24-6,[CH2]CC1CC(O1)C,2
C6H11O34-1,CCC1OC1C[CH2],2
C6Y2-1J,CCCCC(=O)[CH2],2
C6Y3-6J,[CH2]CCC(=O)CC,2
C6Y3-1J,CCCC(=O)C[CH2],2
C7H14-1,CCCCCC=C,1
C7H14-2,CCCCC=CC,1
C7H14-3,CCCC=CCC,1
C7H131-3,CCCC[CH]C=C,2
C7H131-4,CCC[CH]CC=C,2
C7H131-5,CC[CH]CCC=C,2
C7H131-6,C[CH]CCCC=C,2
C7H131-7,[CH2]CCCCC=C,2
C7H132-4,CCC[CH]C=CC,2
C7H132-5,CC[CH]CC=CC,2
C7H132-6,C[CH]CCC=CC,2
C7H132-7,[CH2]CCCC=CC,2
C7H133-1,CCCC=CC[CH2],2
C7H133-5,CC[CH]C=CCC,2
C7H133-6,C[CH]CC=CCC,2
C7H133-7,[CH2]CCC=CCC,2
C7H13-1D3O,CCCCC(C=C)[O],2
C7H13-2D4O,CCCC(C=CC)[O],2
C7H13-3D5O,CCC=CC(CC)[O],2
C7H14OH-1J2,CCCCC[CH]CO,2
C7H14OH-2J1,CCCCCC(O)[CH2],2
C7H14OH-2J3,CCCC[CH]C(O)C,2
C7H14OH-3J2,CCCCC([CH]C)O,2
C7H14OH-3J4,CCC[CH]C(CC)O,2
C7H14OH-4J3,CC[CH]C(CCC)O,2
C7H14OH-1O2-2,CCCCCC(O[O])CO,2
C7H14OH-2O2-1,CCCCCC(CO[O])O,2
C7H14OH-2O2-3,CCCCC(C(O)C)O[O],2
C7H14OH-3O2-2,CC(C(CCCC)O)O[O],2
C7H14OH-3O2-4,CCCC(C(CC)O)O[O],2
C7H14OH-4O2-3,CCCC(C(O[O])CC)O,2
C5D2Y1,CCC=CC=O,1
C5D2Y1-1R,CCC=C[C]=O,2
C3Y1-3OR,[O]CCC=O,2
C4Y1-3OR,CC(CC=O)[O],2
C6D2Y1,CCCC=CC=O,1
C6D2Y1-1R,CCCC=C[C]=O,2
H15DE25DM,CC(=C)CCC(=C)C,1
H15DE25DM-S,CC(=C)[CH]CC(=C)C,2
H15DE25DM-A,CC(=C)CCC(=C)[CH2],2
H15DE25DM-AO,CC(=C)CCC(=C)C[O],2
H15DE25DM-SO,CC(=C)CC(C(=C)C)[O],2
H15DE2M-T,C=[C]CCC(=C)C,2
IC4H7CHO,CC(=C)CC=O,1
L-C6H4,C#CC=CC#C,1
C-C6H4,C=CC#CC#C,1
C6H3,C#C[C]=CC#C,2
C6H2,C#CC#CC#C,1
C6H6,c1ccccc1,1
FULVENE,C=C1C=CC=C1,1
C6H5,c1[c]cccc1,2
C6H5OO,[O]Oc1ccccc1,2
C6H5OOH,OOc1ccccc1,1
C6H5OH,Oc1ccccc1,1
C6H5O,[O]c1ccccc1,2
C6H4OH,Oc1c[c]ccc1,2
OC6H4OH,Oc1cccc(c1)[O],2
O-C6H4O2,O=C1C=CC=CC1=O,1
P-C6H4O2,O=C1C=CC(=O)C=C1,1
O-OC6H5OJ,[O]C1C=CC=CC1=O,2
P-OC6H5OJ,[O]C1C=CC(=O)C=C1,2
P-C6H3O2,O=C1[C]=CC(=O)C=C1,2
C5H6,C1C=CC=C1,1
C5H5,[CH]1C=CC=C1,2
C5H6-L,CC=CC#C,1
C#CCVCCJ,[CH2]C=CC#C,2
C5H7,C1[CH]C=CC1,2
CVCCJCVC,C=C[CH]C=C,2
CVCCVCCJ,[CH2]C=CC=C,2
CVCCJCVCOH,C=C[CH]C=CO,2
HOCVCCVO,OC=CC=O,1
CVCCVCCOH,OCC=CC=C,1
OC5H7O,O=C[CH]CCC=O,2
OC4H6O,O=CCCC=O,1
OC4H5O,O=[C]CCC=O,2
O2CCHOOJ,OC(=O)C(=O)[O],2
HOCVCCJVO,OC=C[C]=O,2
C5H5OH,OC1C=CC=C1,1
C5H5O,[O]C1C=CC=C1,2
C5H4OH,O[C]1C=CC=C1,2
C5H4O,O=C1C=CC=C1,1
C5H3O,O=C1[C]=CC=C1,2
CJVCCVCCVO,[CH]=CC=CC=O,2
CVCCVCCJVO,C=CC=C[C]=O,2
CJVCCVO,[CH]=CC=O,2
