NAME,SMILES,mlt
AR,[Ar],1
N2,N#N,1
HE,[He],1
H2,[H][H],1
H,[H],2
O2,[O][O],3
O,[O],3
H2O,O,1
OH,[OH],2
H2O2,OO,1
HO2,[O]O,2
CO,[C]=O,1
CO2,O=C=O,1
HOCO,[C](=O)O,2
CH4,C,1
CH3,[CH3],2
CH2,[CH2],3
CH2(S),[CH2],1
C,[C],3
CH,[CH],2
CH3O2H,COO,1
CH3O2,CO[O],2
CH2O2H,[CH2]OO,1
CH3OH,CO,1
CH3O,C[O],2
CH2OH,[CH2]O,2
CH2O,C=O,1
HCO,[CH]=O,2
HCOH,[CH]O,1
HO2CHO,O=COO,1
HOCH2O2H,OCOO,1
HOCH2O2,[O]OCO,2
OCH2O2H,[O]COO,2
HOCH2O,[O]CO,2
O2CHO,[O]OC=O,2
HOCHO,O=CO,1
OCHO,[O]C=O,2
C2H6,CC,1
C2H5,[CH2]C,2
C2H5O2H,CCOO,1
C2H5O2,CCO[O],2
C2H4,C=C,1
C2H3,[CH]=C,2
CHOCHO,O=CC=O,1
C2H3OOH,C=COO,1
C2H3OO,C=C(O[O]),2
CHCHO,[CH]CO,1
C2H2,C#C,1
C2H,[C]#C,2
H2CC,[C]=C,1
C2H5OH,CCO,1
C2H5O,CC[O],2
PC2H4OH,[CH2]CO,2
SC2H4OH,C[CH]O,2
O2C2H4OH,[O]OCCO,2
C2H4O2H,[CH2]COO,2
C2H4O1-2,C1CO1,1
C2H3O1-2,[CH]1CO1,2
CH3CHO,CC=O,1
CH3CO,C[C]=O,2
CH2CHO,[CH2]C=O,2
O2CH2CHO,[O]OCC=O,2
HO2CH2CO,O=[C]COO,2
C2H3OH,C=CO,1
C2H2OH,[CH]=CO,2
CH2CO,C=C=O,1
HCCO,[CH]=C=O,2
HCCOH,C#CO,1
CH3CO3H,CC(=O)OO,1
CH3CO3,CC(=O)O[O],2
CH3CO2,CC([O])=O,2
CH3OCH3,COC,1
CH3OCH2,[CH2]OC,2
CH3OCH2O2H,COCOO,1
CH3OCH2O2,COCO[O],2
CH2OCH2O2H,[CH2]OCOO,2
O2CH2OCH2O2H,[O]OCOCOO,2
HO2CH2OCHO,O=COCOO,1
OCH2OCHO,[O]COC=O,2
HOCH2OCO,O=[C]OCO,2
CH3OCH2O,COC[O],2
CH3OCHO,COC=O,1
CH3OCO,CO[C]=O,2
CH2OCHO,[CH2]OC=O,2
C3H8,CCC,1
IC3H7,C[CH]C,2
NC3H7,[CH2]CC,2
NC3H7O2H,CCCOO,1
NC3H7O2,CCCO[O],2
IC3H7O2H,CC(C)OO,1
IC3H7O2,CC(C)O[O],2
NC3H7O,CCC[O],2
IC3H7O,CC(C)[O],2
C3H6OOH1-2,C[CH]COO,2
C3H6OOH1-3,[CH2]CCOO,2
C3H6OOH2-1,[CH2]C(C)OO,2
C3H6OOH1-2O2,CC(COO)O[O],2
C3H6OOH1-3O2,[O]OCCCOO,2
C3H6OOH2-1O2,CC(CO[O])OO,2
C3KET12,CC(C=O)OO,1
C3KET13,O=CCCOO,1
C3H51-23OOH,[CH2]C(COO)OO,2
C3H52-13OOH,OOC[CH]COO,2
C3H5O1-2OOH-3,C1C(O1)C(OO),1
C3H5O1-3OOH-2,C1C(OO)C(O1),1
C3H6O1-2,CC1CO1,1
C3H6O1-3,C1COC1,1
C3H6,C=CC,1
C3H5-A,[CH2]C=C,2
C3H5-S,[CH]=CC,2
C3H5-T,C=[C]C,2
CC3H6,C1CC1,1
C3H5O,C=CC[O],2
CH2CHOCH2,C=CO[CH2],2
CH3CHCHO,C[CH]C=O,2
AC4H7OOH,C=CCOOC,1
C3H6OH1-2,C[CH]CO,2
CH3CHCO,CC=C=O,1
AC3H5OOH,C=CCOO,1
C3H6OH2-1,[CH2]C(O)C,2
HOC3H6O2,CC(O[O])CO,2
SC3H5OH,CC=CO,1
IC3H5OH,C=C(C)O,1
C3H5OH,C=CCO,1
CH2CCH2OH,C=[C]CO,2
C3H4-P,C#CC,1
C3H4-A,C=C=C,1
C3H3,C#C[CH2],2
CC3H4,C1=CC1,1
C3H2,[CH]=C=[CH],1
H2CCC(S),C=C=[C],1
C3H2(S),[CH]=C=[CH],1
C3H2C,C1=C[C]1,1
PC3H4OH-2,C[C]=CO,2
SC3H4OH,C=C([CH2])O,2
C3H3O,C=C=C([O]),2
C3H3O2H,C=C=C(OO),1
C2HCHO,C#CC=O,1
C2H5CHO,CCC=O,1
C2H5CO,CC[C]=O,2
CH2CH2CHO,[CH2]CC=O,2
C2H3CHO,C=CC=O,1
C2H3CO,C=C[C]=O,2
CH3COCH3,CC(C)=O,1
CH3COCH2,[CH2]C(C)=O,2
CH3COCH2O2,CC(=O)CO[O],2
CH3COCH2O,CC(=O)C[O],2
C3KET21,CC(=O)COO,1
C4H10,CCCC,1
PC4H9,[CH2]CCC,2
SC4H9,C[CH]CC,2
PC4H9O,CCCC[O],2
SC4H9O,CCC(C)[O],2
PC4H9O2,CCCCO[O],2
SC4H9O2,CCC(C)O[O],2
PC4H9O2H,CCCCOO,1
SC4H9O2H,CCC(C)OO,1
C4H8OOH1-2,CC[CH]COO,2
C4H8OOH1-3,C[CH]CCOO,2
C4H8OOH1-4,[CH2]CCCOO,2
C4H8OOH2-1,[CH2]C(CC)OO,2
C4H8OOH2-3,C[CH]C(C)OO,2
C4H8OOH2-4,[CH2]CC(C)OO,2
C4H8O1-2,CCC1CO1,1
C4H8O1-3,CC1CCO1,1
C4H8O1-4,C1CCCO1,1
C4H8O2-3,CC1OC1C,1
C4H8OOH1-2O2,CCC(COO)O[O],2
C4H8OOH1-3O2,CC(CCOO)O[O],2
C4H8OOH1-4O2,[O]OCCCCOO,2
C4H8OOH2-1O2,CCC(CO[O])OO,2
C4H8OOH2-3O2,CC(O[O])C(C)OO,2
C4H8OOH2-4O2,CC(CCO[O])OO,2
C4H71-24OOH,[CH2]C(OO)CC(OO),2
C4H72-13OOH,CC(OO)[CH]C(OO),2
C4H72-14OOH,C(OO)C[CH]C(OO),2
C4H71-23OOH,[CH2]C(OO)C(OO)C,2
C4H7O1-3OOH-4,C1CC(O1)C(OO),1
C4H7O1-3OOH-2,C1C(OO)C(O1)C,1
C4H7O1-2OOH-4,C1C(O1)CC(OO),1
C4H7O1-4OOH-2,C1C(OO)CC(O1),1
C4H7O1-2OOH-3,C1C(O1)C(OO)C,1
C4H7O2-3OOH-1,C(OO)C1C(O1)C,1
C4H72-1OOH,CC=CCOO,1
NC4KET12,CCC(C=O)OO,1
NC4KET13,CC(CC=O)OO,1
NC4KET14,O=CCCCOO,1
NC4KET21,CCC(=O)COO,1
NC4KET23,CC(OO)C(=O)C,1
NC4KET24,OOCCC(=O)C,1
C4H71-3OOH,C=CC(C)OO,1
C4H71-34OOH,[CH2]CC(OO)C(OO),2
C4H72-34OOH,C[CH]C(OO)C(OO),2
HO2CH2CHO,C(COO)=O,1
IC4H10,CC(C)C,1
IC4H9,[CH2]C(C)C,2
TC4H9,C[C](C)C,2
TC4H9O,CC(C)(C)[O],2
IC4H9O,CC(C)C[O],2
IC4H8O,CC1(C)CO1,1
IC3H7CHO,CC(C)C=O,1
IC3H7CO,CC(C)[C]=O,2
IC3H6CHO,[CH2]C(C)C=O,2
TC3H6CHO,C[C](C)C=O,2
IC3H5CHO,C=C(C)C=O,1
TC3H6O2CHO,CC(C)(C=O)O[O],2
IC3H5O2HCHO,[CH2]C(C)(C=O)OO,2
TC3H6O2HCO,CC(C)([C]=O)OO,2
TC3H6OCHO,CC(C)([O])C=O,2
IC3H6CO,CC(C)=C=O,1
IC3H5CO,C=C(C)[C]=O,2
IC3H4CHO-A,C=C([CH2])C=O,2
SC4H7OH-I,CC(C)=CO,1
IC4H9O2,CC(C)CO[O],2
TC4H9O2,CC(C)(C)O[O],2
IC4H8O2H-I,[CH2]C(C)COO,2
IC4H8O2H-T,C[C](C)COO,2
TC4H8O2H-I,[CH2]C(C)(C)OO,2
CC4H8O,C1C(C)CO1,1
IC4H8OOH-IO2,CC(CO[O])COO,2
IC4H8OOH-TO2,CC(C)(COO)O[O],2
TC4H8OOH-IO2,CC(C)(CO[O])OO,2
IC4KETII,CC(C=O)COO,1
IC4KETIT,CC(C)(C=O)OO,1
TIC4H7Q2-I,[CH2]C(C)(COO)OO,2
IIC4H7Q2-I,[CH2]C(COO)COO,2
IIC4H7Q2-T,C[C](COO)COO,2
IC4H7OOH,C=C(C)COO,1
IC4H9O2H,CC(C)COO,1
TC4H9O2H,CC(C)(C)OO,1
IC4H8,C=C(C)C,1
IC4H7,[CH2]C(=C)C,2
IC4H7-I1,[CH]=C(C)C,2
IC4H7O2,C=C(C)CO[O],2
IC4H6OOH-I,C=C([CH2])COO,2
CCYCCOOC-T1,C[C]1COOC1,2
C2CYCOOC-I1,[CH2]C1(C)COO1,2
IC4H7O,C=C(C)C[O],2
CVCYCCOC,C=C1COC1,1
CCYC2OCO,CC1(C[O])CO1,2
CCYCCOOC-I2,CC1[CH]OOC1,2
CHOIC3H6O,CC(C=O)C[O],2
IC3H5OOCH2,C=C(C)OO[CH2],2
IC4H8OH-IT,C[C](C)CO,2
IC4H8OH-TI,CC(C)(O)[CH2],2
IC4H7OH,C=C(C)CO,1
IC4H8OH,[CH2]C(C)CO,2
IC4H6OH,C=C(C)[CH]O,2
TQJC4H8OH,CC(C)(O[O])CO,2
TQC4H8OI,CC(C)(C[O])OO,2
QC4H7OHP,[CH2]C(C)(OO)CO,2
TQC4H7OHI,CC(C)(OO)[CH]O,2
CCY(CCO)COH,C1C(C)(O1)CO,1
C2CY(COC)OH,CC1(C)C(O1)O,1
IQJC4H8OH,CC(C)(O)CO[O],2
IC3H6OHCHO,CC(C)(C=O)O,1
IQC4H8OT,CC(C)(COO)[O],2
IQC4H7OHT,[CH2]C(C)(O)COO,2
CCY(CCOC)OH,C1C(C)(O)CO1,1
CH2COHCH2OOH,C=C(COO)O,1
TC3H6OH,C[C](C)O,2
TQC4H7OHIO2,CC(C)(OO)C(O[O])O,2
TQC4H7OHTO2,CC(C)(O[O])C(OO)O,2
TQC4H7OHIQ-I,CC(C)(C([O])OO)OO,2
TQC4H7OHIQ-P,[CH2]C(C)(C(O)OO)OO,2
IC3H5COHQ,C=C(C)C(O)OO,1
CH2CQCOHQ,C=C(OO)C(O)OO,1
IC3H5Q,C=C(C)OO,1
COHQCYC(COC),CC1(CO1)C(O)OO,1
QCYC(CCOC)OH,CC1(COC1O)OO,1
HOCOCQ(CH3)2,CC(C)(OO)C(=O)O,1
IQC4H7OHTO2,C(O[O])C(C)(O)COO,2
IQC4H8OTQ-I,CC(COO)(COO)[O],2
IQC4H7OHTQ-P,[CH2]C(COO)(COO)O,2
CHOC(CH3)OHCH2Q,C(=O)C(C)(O)COO,1
CO(CH2OOH)2,C(C(COO)=O)OO,1
IC3H5OCH2,C=C(C)O[CH2],2
IC4H7OOCH3,C=C(C)COOC,1
IC4H7OOIC4H7,CC(=C)COOCC(=C)C,1
C4H8-1,C=CCC,1
C4H8-2,CC=CC,1
C4H71-1,[CH]=CCC,2
C4H71-2,C=[C]CC,2
C4H71-3,C=C[CH]C,2
C4H71-4,[CH2]CC=C,2
C4H72-2,C[C]=CC,2
C4H71-O,CC([O])C=C,2
PC4H8OH-2,CC[CH]CO,2
SC4H8OH-1,CCC(O)[CH2],2
SC4H8OH-3,C[CH]C(O)C,2
C4H71-3OH,CC(O)C=C,1
C4H71-4OH,C(O)CC=C,1
C4H71-1OH,CCC=CO,1
C4H71-2OH,CCC(O)=C,1
C4H72-1OH,CC=CCO,1
C4H72-2OH,CC=C(O)C,1
SQC4H8OP,CCC(OO)C([O]),2
PQC4H8OS,CCC([O])C(OO),2
PQC4H7OHS-3,C[CH]C(O)COO,2
NC4KET12OH,C(=O)C(O)CC,1
SQC4H7OHS-4,CC(OO)C(O)[C],2
SQC4H8OS,CC(OO)C([O])C,2
NC4KET23OH,CC(O)C(=O)C,1
SC4H8OH-3O2,CC(O[O])C(O)C,2
CCY(COCC)OH,CC(O1)C(O)C1,1
C4H7O2-1,CC=CC[O],2
C4H6-1,C#CCC,1
AC3H5OCH2,C=CCO[CH2],2
SC3H5OCH2-1,CC=CO[CH2],2
C8H141-53-4,C=CC(C)C(C)C=C,1
C8H141-53,C=CC(C)CC=CC,1
C8H142-6,CC=CCCC=CC,1
C8H131-53-4TA,C=C[C](C)C(C)C=C,2
C8H131-53TA,C=C[C](C)CC=CC,2
C8H131-53SA,C=CC(C)[CH]C=CC,2
C8H131-53PA,[CH2]C=CCC(C)C=C,2
C8H132-6SA,CC=C[CH]CC=CC,2
C8H132-6PA,[CH2]C=CCCC=CC,2
C6H101-33,C=CC(C)=CC,1
C8H131-53-4TAO,C=CC(C)C(C)([O])C=C,1
C8H131-53TAO,C=CC(C)([O])CC=CC,2
C8H131-53SAO,C=CC(C)C([O])C=CC,2
C8H131-53PAO,C=CC(C)CC=CC[O],2
C8H132-6SAO,CC=CCC([O])C=CC,2
C8H132-6PAO,CC=CCCC=CC[O],2
C7H111-536P,[CH]=CCC(C)C=C,2
C7H111-51P,[CH]=CCCC=CC,2
C4H642-1OH,C=C[CH]CO,2
C4H631-1OH,C[CH]C=CO,2
C4H631-3OH,C=C[C](C)O,2
C4H631-2OH,C=C(O)[CH]C,2
C4H5OH-13,C=CC=CO,1
SQC4H7OHP-4,[CH2]CC(OO)CO,2
CY(CCCO)COH,C1CC(O1)CO,1
NC4KET21OH,CCC(=O)CO,1
C2H5CHOHCO,CCC(O)[C]=O,2
CH3COCOHCH3,C[C](O)C(C)=O,2
C2H4COCH2OH,C[CH]C(=O)CO,2
CH3COHCO,CC(O)=C=O,1
CH2COHCHO,C=C(O)C=O,1
SQC4H7OHP-4O2,C(O[O])CC(OO)CO,2
PQC4H7OHS-3O2,CC(O[O])C(O)COO,2
SQC4H7OHS-4O2,CC(OO)C(O)CO[O],2
C4H7O2-13OOH,CC(OO)C([O])COO,2
NC4KET13OH-2,CC(OO)C(O)C=O,1
NC4KET24OH-1,C(OO)CC(=O)CO,1
NC4KET24OH-3,CC(=O)C(O)COO,1
C4H6OHOOH1-4-3,C=CC(CO)OO,1
C4H6OHOOH2-2-1,CC=C(O)C(OO),1
C4H6OHOOH1-3-4,C=CC(O)C(OO),1
C4H6OHOOH1-2-3,C=C(O)C(C)OO,1
HOCH2CHO,OCC=O,1
C4H71-4OOH,C=CCCOO,1
C4H71-4O2,C=CCCO[O],2
C4H61-3OOH4,C=C[CH]COO,2
C4H6O1-3OOH4,C=CC([O])COO,2
C4H6O2-1OOH4,[O]CC=CCOO,2
HOCH2COCH2,[CH2]C(=O)CO,2
HOCH2CO,OC[C]=O,2
HOCHCHO,O=C[CH]O,2
PC3H4OH-3,C=C[CH]O,2
PC3H4OH-1,CC=[C]O,2
CH3COCHOH,CC(=O)[CH]O,2
SC2H2OH,C=[C]O,2
PC4H8OH-1,CCC[CH]O,2
PC4H8OH-3,C[CH]CCO,2
C4H7O1-4,C=CCC[O],2
PC4H8OH-4,[CH2]CCCO,2
SC4H8OH-2,CC[C](O)C,2
CH2COHCO,C=C(O)[C](=O),2
C4H72-2O2,CC=C(C)O[O],2
C4H71-1O2,CCC=CO[O],2
C4H71-2O2,C=C(CC)O[O],2
C3H6OH1-1,CC[CH]O,2
PC4H8OH-2O2,CCC(O[O])CO,2
SC4H8OH-1O2,CCC(O)CO[O],2
C4H71-3OOCH3,C=CC(C)OOC,1
C4H72-1OOCH3,CC=CCOOC,1
C4H6,C=CC=C,1
C4H612,C=C=CC,1
C4H6-2,CC#CC,1
C4H5-I,C=[C]C=C,2
C4H5-N,[CH]=CC=C,2
C4H5-2,CC#C[CH2],2
C4H4,C#CC=C,1
C4H3-I,C#C[C]=C,2
C4H3-N,[CH]=CC#C,2
C4H2,C#CC#C,1
C4H6O25,O1CC=CC1,1
C2H3CHOCH2,C=CC1CO1,1
C4H4O,CC#CC=O,1
C4H6O23,O1CCC=C1,1
CH2CHCHCHO,[CH2]C=CC=O,2
H2C4O,C#CC1=C(O1),1
NC3H7CHO,CCCC=O,1
NC3H7CO,CCC[C]=O,2
C3H6CHO-1,[CH2]CCC=O,2
C3H6CHO-2,C[CH]CC=O,2
C3H6CHO-3,CC[CH]C=O,2
SC3H5CHO,CC=CC=O,1
SC3H5CO,CC=C[C]=O,2
C2H5COCH3,CCC(C)=O,1
C2H5COCH2,CCC(=O)[CH2],2
CH2CH2COCH3,[CH2]CC(=O)C,2
CH3CHCOCH3,C[CH]C(=O)C,2
C2H3COCH3,CC(=O)C=C,1
CH3CHOOCOCH3,CC(=O)C(C)O[O],2
CH2CHOOHCOCH3,[CH2]C(OO)C(C)=O,2
C2H5CHCO,CCC=C=O,1
NC5H12,CCCCC,1
C5H11-1,CCCC[CH2],2
C5H11-2,CCC[CH]C,2
C5H11-3,CC[CH]CC,2
C5H11O2H-1,CCCCCOO,1
C5H11O2H-2,CCCC(OO)C,1
C5H11O2H-3,CCC(OO)CC,1
C5H11O2-1,CCCCCO[O],2
C5H11O2-2,CCCC(O[O])C,2
C5H11O2-3,CCC(O[O])CC,2
C5H11O-1,CCCCC[O],2
C5H11O-2,CCCC([O])C,2
C5H11O-3,CCC([O])CC,2
C5H10OOH1-2,CCC[CH]COO,2
C5H10OOH1-3,CC[CH]CCOO,2
C5H10OOH1-4,C[CH]CCCOO,2
C5H10OOH1-5,[CH2]CCCCOO,2
C5H10OOH2-1,CCCC(OO)[CH2],2
C5H10OOH2-3,CC[CH]C(OO)C,2
C5H10OOH2-4,C[CH]CC(OO)C,2
C5H10OOH2-5,[CH2]CCC(OO)C,2
C5H10OOH3-1,CCC(OO)C[CH2],2
C5H10OOH3-2,CCC(OO)[CH]C,2
C5H10O1-2,CCCC1C(O1),1
C5H10O1-3,CCC1CC(O1),1
C5H10O1-4,CC1CCC(O1),1
C5H10O1-5,C1CCCC(O1),1
C5H10O2-3,CCC1C(O1)C,1
C5H10O2-4,CC1CC(O1)C,1
C5H10OOH1-2O2,CCCC(O[O])COO,2
C5H10OOH1-3O2,CCC(O[O])CCOO,2
C5H10OOH1-4O2,CC(O[O])CCCOO,2
C5H10OOH1-5O2,C(O[O])CCCCOO,2
C5H10OOH2-1O2,CCCC(OO)C(O[O]),2
C5H10OOH2-3O2,CCC(O[O])C(OO)C,2
C5H10OOH2-4O2,CC(O[O])CC(OO)C,2
C5H10OOH2-5O2,C(O[O])CCC(OO)C,2
C5H10OOH3-1O2,CCC(OO)CC(O[O]),2
C5H10OOH3-2O2,CCC(OO)C(O[O])C,2
C5H91-23OOH,CCC(C([CH2])OO)OO,2
C5H91-24OOH,[CH2]C(CC(C)OO)OO,2
C5H91-25OOH,[CH2]C(CCCOO)OO,2
C5H91-34OOH,[CH2]CC(C(C)OO)OO,2
C5H91-35OOH,[CH2]CC(CCOO)OO,2
C5H91-45OOH,[CH2]CCC(COO)OO,2
C5H92-13OOH,CCC([CH]COO)OO,2
C5H92-14OOH,CC(C[CH]COO)OO,2
C5H92-15OOH,C([CH]COO)CCOO,2
C5H92-34OOH,C[CH]C(C(C)OO)OO,2
C5H92-35OOH,C[CH]C(CCOO)OO,2
C5H92-45OOH,C[CH]CC(COO)OO,2
C5H93-12OOH,CC[CH]C(COO)OO,2
C5H93-14OOH,CC([CH]CCOO)OO,2
C5H93-15OOH,[CH](CCOO)CCOO,2
C5H93-24OOH,CC([CH]C(C)OO)OO,2
C5H91-3OOH,C=CC(CC)OO,1
C5H91-4OOH,C=CCC(C)OO,1
C5H91-5OOH,C=CCCCOO,1
C5H92-1OOH,CCC=CCOO,1
C5H92-4OOH,CC=CC(C)OO,1
C5H92-5OOH,CC=CCCOO,1
C5H9O1-2OOH-3,CCC(C1CO1)OO,1
C5H9O1-2OOH-4,CC(CC1CO1)OO,1
C5H9O1-2OOH-5,C(CC1CO1)COO,1
C5H9O1-3OOH-2,CCC1C(CO1)OO,1
C5H9O1-3OOH-4,CC(C1CCO1)OO,1
C5H9O1-3OOH-5,C1COC1CCOO,1
C5H9O1-4OOH-2,CC1CC(CO1)OO,1
C5H9O1-4OOH-3,CC1C(CCO1)OO,1
C5H9O1-4OOH-5,C1CC(COO)OC1,1
C5H9O1-5OOH-2,C1CC(COC1)OO,1
C5H9O1-5OOH-3,C1COCCC1OO,1
C5H9O2-3OOH-1,CCC1C(COO)O1,1
C5H9O2-3OOH-4,CC1C(C(C)OO)O1,1
C5H9O2-3OOH-5,CC1C(CCOO)O1,1
C5H9O2-4OOH-1,CC1CC(COO)O1,1
C5H9O2-4OOH-3,CC1C(C(C)O1)OO,1
C5H9O1-2O-5,C(CC1CO1)C[O],2
CH2CH2OCH2CH2CHO,[CH2]COCCC=O,2
NC5KET12,CCCC(OO)C=O,1
NC5KET13,CCC(OO)CC=O,1
NC5KET14,CC(OO)CCC=O,1
NC5KET15,C(OO)CCCC=O,1
NC5KET21,CCCC(=O)COO,1
NC5KET23,CCC(OO)C(=O)C,1
NC5KET24,CC(OO)CC(=O)C,1
NC5KET25,C(OO)CCC(=O)C,1
NC5KET31,CCC(=O)CCOO,1
NC5KET32,CCC(=O)C(OO)C,1
NC5KET12O,CCCC(C=O)[O],2
NC5KET13O,CCC(CC=O)[O],2
NC5KET14O,CC(CCC=O)[O],2
NC5KET15O,C(CC=O)CC[O],2
NC5KET21O,CCCC(C[O])=O,2
NC5KET23O,CCC(C(C)=O)[O],2
NC5KET24O,CC(CC(C)=O)[O],2
NC5KET25O,CC(CCC[O])=O,2
NC5KET31O,CCC(CC[O])=O,2
NC5KET32O,CCC(C(C)[O])=O,2
NC5DIONE13,C(=O)CC(=O)CC,1
NC5DIONE24,CC(=O)CC(=O)C,1
C5H10OH23,CC[CH]C(C)O,2
O2C5H10OH23,CCC(C(C)O)O[O],2
OCH2CHO,C(C[O])=O,2
CH2OCH2CHO,[CH2]OCC=O,2
C2H4OCHO,CC(C=O)[O],2
C5H10OOH1-3OH,C(OOH)CC(OH)CC,1
C5H10OOH2-4OH,CC(OOH)CC(OH)C,1
C5H10OOH3-1OH,CCC(OO)CCO,1
NC5CYCPER13,C1(O)CC(OO1)CC,1
NC5CYCPER24,CC1(O)CC(OO1)C,1
NC5CYCPER31,C(OO1)CC1(O)CC,1
IC5H12,CCC(C)C,1
AC5H11,CCC([CH2])C,2
BC5H11,CC[C](C)C,2
CC5H11,C[CH]C(C)C,2
DC5H11,CC(C)C[CH2],2
AC5H9O-A2,CCC(=C)C[O],2
AC5H11O2H,CCC(C)COO,1
BC5H11O2H,CCC(C)(C)OO,1
CC5H11O2H,CC(C)C(C)OO,1
DC5H11O2H,CC(C)CCOO,1
AC5H11O2,CCC(C)CO[O],2
BC5H11O2,CCC(C)(C)O[O],2
CC5H11O2,CC(C)C(C)O[O],2
DC5H11O2,CC(C)CCO[O],2
AC5H11O,CCC(C)C[O],2
BC5H11O,CCC(C)(C)[O],2
CC5H11O,CC(C)C(C)[O],2
DC5H11O,CC(C)CC[O],2
AC5H10OOH-A,CCC([CH2])COO,2
AC5H10OOH-B,CC[C](C)COO,2
AC5H10OOH-C,C[CH]C(C)COO,2
AC5H10OOH-D,[CH2]CC(C)COO,2
BC5H10OOH-A,CCC([CH2])(C)OO,2
BC5H10OOH-C,C[CH]C(C)(C)OO,2
BC5H10OOH-D,[CH2]CC(C)(C)OO,2
CC5H10OOH-A,[CH2]C(C)C(C)OO,2
CC5H10OOH-B,C[C](C)C(C)OO,2
CC5H10OOH-D,CC(C)C([CH2])OO,2
DC5H10OOH-A,[CH2]C(C)CCOO,2
DC5H10OOH-B,C[C](C)CCOO,2
DC5H10OOH-C,CC(C)[CH]COO,2
A-AC5H10O,CCC1COC1,1
A-BC5H10O,CCC1(C)CO1,1
A-CC5H10O,CC1COC1C,1
A-DC5H10O,CC1CCOC1,1
B-CC5H10O,CC1C(C)(C)O1,1
B-DC5H10O,CC1(C)CCO1,1
C-DC5H10O,CC(C)C1CO1,1
AC5H10OOH-AO2,CCC(COO)CO[O],2
AC5H10OOH-BO2,CCC(C)(COO)O[O],2
AC5H10OOH-CO2,CC(COO)C(C)O[O],2
AC5H10OOH-DO2,CC(CCO[O])COO,2
BC5H10OOH-AO2,CCC(C)(CO[O])OO,2
BC5H10OOH-CO2,CC(C(C)(C)OO)O[O],2
BC5H10OOH-DO2,CC(C)(CCO[O])OO,2
CC5H10OOH-AO2,CC(CO[O])C(C)OO,2
CC5H10OOH-BO2,CC(C(C)(C)O[O])OO,2
CC5H10OOH-DO2,CC(C)C(CO[O])OO,2
DC5H10OOH-AO2,CC(CCOO)CO[O],2
DC5H10OOH-BO2,CC(C)(CCOO)O[O],2
DC5H10OOH-CO2,CC(C)C(COO)O[O],2
C5H9A-ABOOH,CCC([CH2])(COO)OO,2
C5H9A-ACOOH,[CH2]C(COO)C(C)OO,2
C5H9A-ADOOH,[CH2]C(CCOO)COO,2
C5H9A-BCOOH,CC(C([CH2])(C)OO)OO,2
C5H9A-BDOOH,[CH2]C(C)(CCOO)OO,2
C5H9A-CDOOH,[CH2]C(C)C(COO)OO,2
C5H9B-AAOOH,CC[C](COO)COO,2
C5H9B-ACOOH,C[C](COO)C(C)OO,2
C5H9B-ADOOH,C[C](CCOO)COO,2
C5H9B-CDOOH,C[C](C)C(COO)OO,2
C5H9C-AAOOH,C[CH]C(COO)COO,2
C5H9C-ABOOH,C[CH]C(C)(COO)OO,2
C5H9C-ADOOH,CC([CH]COO)COO,2
C5H9C-BDOOH,CC(C)([CH]COO)OO,2
C5H9D-AAOOH,[CH2]CC(COO)COO,2
C5H9D-ABOOH,[CH2]CC(C)(COO)OO,2
C5H9D-ACOOH,CC(COO)C([CH2])OO,2
C5H9D-BCOOH,[CH2]C(C(C)(C)OO)OO,2
C5H9A-AOOH,CCC(=C)COO,1
C5H9A-COOH,C=C(C)C(C)OO,1
C5H9A-DOOH,C=C(C)CCOO,1
C5H9B-AOOH,CC=C(C)COO,1
C5H9B-DOOH,CC(C)=CCOO,1
C5H9C-AOOH,C=CC(C)COO,1
C5H9C-BOOH,C=CC(C)(C)OO,1
C5H9OA-AOOH-B,CCC1(COC1)OO,1
C5H9OA-AOOH-C,CC(C1COC1)OO,1
C5H9OA-AOOH-D,C(COO)C1COC1,1
C5H9OA-BOOH-A,CCC1(CO1)COO,1
C5H9OA-BOOH-C,CC(C1(C)CO1)OO,1
C5H9OA-BOOH-D,CC1(CCOO)CO1,1
C5H9OA-COOH-A,CC1C(CO1)COO,1
C5H9OA-COOH-B,CC1C(C)(CO1)OO,1
C5H9OA-COOH-D,CC1COC1COO,1
C5H9OA-DOOH-A,C1COCC1COO,1
C5H9OA-DOOH-B,CC1(CCOC1)OO,1
C5H9OA-DOOH-C,CC1COCC1OO,1
C5H9OB-COOH-A,CC1C(C)(COO)O1,1
C5H9OB-COOH-D,CC1(C)C(COO)O1,1
C5H9OB-DOOH-A,CC1(CCO1)COO,1
C5H9OB-DOOH-C,CC1(C)C(CO1)OO,1
C5H9OC-DOOH-A,CC(COO)C1CO1,1
C5H9OC-DOOH-B,CC(C)(C1CO1)OO,1
CH3COCH2OCH2CH2,[CH2]COCC(C)=O,2
IC5KETAA,CCC(C=O)COO,1
IC5KETAB,CCC(C)(C=O)OO,1
IC5KETAC,CC(C=O)C(C)OO,1
IC5KETAD,CC(CCOO)C=O,1
IC5KETCA,CC(COO)C(C)=O,1
IC5KETCB,CC(C(C)(C)OO)=O,1
IC5KETCD,CC(C)C(COO)=O,1
IC5KETDA,C(OO)C(C)CC=O,1
IC5KETDB,CC(OO)(C)CC=O,1
IC5KETDC,CC(C)C(OO)C=O,1
IC5KETAAO,CCC(C=O)C[O],2
IC5KETABO,CCC(C)(C=O)[O],2
IC5KETACO,CC(C=O)C(C)[O],2
IC5KETADO,CC(CC[O])C=O,2
IC5KETCAO,CC(C[O])C(C)=O,2
IC5KETCBO,CC(C(C)(C)[O])=O,2
IC5KETCDO,CC(C)C(C[O])=O,2
IC5KETDAO,CC(CC=O)C[O],2
IC5KETDBO,CC(C)(CC=O)[O],2
IC5KETDCO,CC(C)C(C=O)[O],2
AC5H10OH,CC[C](C)CO,2
BC5H10OH,C[CH]C(C)(C)O,2
CC5H10OH,CC(C)C([CH2])O,2
AO2C5H10OH,CCC(C)(CO)O[O],2
BO2C5H10OH,CC(C(C)(C)O)O[O],2
CO2C5H10OH,CC(C)C(CO[O])O,2
IC3H5COCH3,C=C(C)C(C)=O,1
IC3H5COCH2,C=C(C)C(=C)[O],2
AC3H4COCH3,C=C([CH2])C(C)=O,2
NEOC5H12,CC(C)(C)C,1
NEOC5H11,[CH2]C(C)(C)C,2
NEOC5H11O2H,CC(C)(C)COO,1
NEOC5H11O2,CC(C)(C)CO[O],2
NEOC5H11O,CC(C)(C)C[O],2
NEOC5H10OOH,[CH2]C(C)(C)COO,2
NEO-C5H10O,CC1(C)COC1,1
NEOC5H10OOH-O2,CC(C)(COO)CO[O],2
NEOC5H9Q2,[CH2]C(C)(COO)COO,2
NEOC5KET,CC(C)(C=O)COO,1
NEOC5KETOX,CC(C)(C=O)C[O],2
NEOC5KEJOL,CC(C)(CO)[C]=O,2
IC4H6Q2-II,C=C(COO)COO,1
NEOC5H9O-OOH,CC1(COC1)COO,1
C5H10-1,CCCC=C,1
C5H10-2,CCC=CC,1
C5H81-3,C=CC=CC,1
C5H91-3,CC[CH]C=C,2
C5H91-4,C[CH]CC=C,2
C5H91-5,[CH2]CCC=C,2
C5H92-4,C[CH]C=CC,2
C5H92-5,[CH2]CC=CC,2
C5H9O1-3,CCC([O])C=C,2
C5H9O2-4,CC([O])C=CC,2
BC5H10,CC=C(C)C,1
CC5H10,CC(C)C=C,1
CC5H9-A,C=CC(C)[CH2],2
CC5H9-B,C=C[C](C)C,2
AC5H9O-C,CC(=C)C([O])C,2
CC5H9O-B,C=CC(C)([O])C,2
AC5H10,CCC(=C)C,1
AC5H9-A2,CCC(=C)[CH2],2
AC5H9-C,CC(=C)[CH]C,2
AC5H9-D,CC(=C)C[CH2],2
B2E2M1OJ,[O]CC(=CC)C,2
B13DE2M,CC(=C)C=C,1
B13DE2MJ,[CH2]C(=C)C=C,2
B12DE3M,C=C=C(C)C,1
B2E3M1OJ,[O]CC=C(C)C,2
TC4H8CHO,[CH2]C(C)(C)C=O,2
O2C4H8CHO,CC(C)(C=O)CO[O],2
O2HC4H8CO,CC(C)([C]=O)COO,2
CPT,C1CCCC1,1
CYC5H9,C1[CH]CCC1,2
CYC5H8,C1=CCCC1,1
CYC5H71-3,C1=C[CH]CC1,2
CYC5H71-4,C1=CC[CH]C1,2
CYC51EN3OJ,C1=CC([O])CC1,2
C53OH1EN5J,C=CC(O)C[CH2],2
C5H5,[CH]1C=CC=C1,2
C5H6,C1C=CC=C1,1
C4H6CHO2-5,[CH2]CC=CC=O,2
C4H6CHO4-5,[CH]=CCCC=O,2
CJVCCVO,[CH]=CC=O,2
CPTO2H,C1C(OO)CCC1,1
CPTO2J,C1CCCC1O[O],2
CPT1Q2J,C1C(OO)[CH]CC1,2
CPT1Q3J,C1C(OO)C[CH]C1,2
CPTOJ,C1CCCC1[O],2
CPTQ2QJ,C1C(OO)C(O[O])CC1,2
CPTQ3QJ,C1C(OO)CC(O[O])C1,2
CPTYO12,C1C(O2)C2CC1,1
CPTYO123J,C1C(O2)C2[CH]C1,2
CYC5O1EN5J,[CH]1CCC=CO1,2
C2H3OC3H4A,C=COC=C[CH2],2
PT1N1Q5J,OOC=CCC[CH2],2
PT1N3Q5J,C=CC(OO)C[CH2],2
PT1N4Q5J,C=CCC(OO)[CH2],2
CPTYO13,C1C(O2)CC2C1,1
C5H8D14,C=CCC=C,1
C5H714-1,[CH]=CCC=C,2
CVCCVCCJ,C=CC=C[CH2],2
PC4H8CHO-4,[CH2]CCCC=O,2
C4H6CHO1-43,C=C[CH]CC=O,2
PC4H9CO,CCCC[C]=O,2
C4H7CHO-4,C=CCCC(=O),1
C4H7CO1-4,C=CCC[C]=O,2
PC4H9CHO,CCCCC=O,1
PC4H8CHO-1O2,CCCC(O[O])C(=O),2
PC4H8CHO-2O2,CCC(O[O])CC(=O),2
PC4H8CHO-3O2,CC(O[O])CCC(=O),2
PC4H8CHO-4O2,C(O[O])CCCC(=O),2
C4H7CHO-2,CCC=CC(=O),1
C4H7CHO-3,CC=CCC(=O),1
PC4H8CHO-1,CCC[CH]C=O,2
PC4H8CHO-2,CC[CH]CC=O,2
PC4H8CHO-3,C[CH]CCC=O,2
NC3H7COCH3,CC(=O)CCC,1
C2H5COC2H5,CCC(=O)CC,1
NC3H7COCH2,[CH2]C(=O)CCC,2
CH3CH2CHCOCH3,CC(=O)[CH]CC,2
CH3CHCH2COCH3,CC(=O)C[CH]C,2
CH2CH2CH2COCH3,CC(=O)CC[CH2],2
CH2CH2COC2H5,[CH2]CC(=O)CC,2
CH3CHCOC2H5,C[CH]C(=O)CC,2
NC52ONEO2-3,CC(=O)C(O[O])CC,2
NC52ONEO2-4,CC(=O)CC(O[O])C,2
NC52ONEO2-5,CC(=O)CCC(O[O]),2
NC53ONEO2-1,C(O[O])CC(=O)CC,2
NC53ONEO2-2,CC(O[O])C(=O)CC,2
NC52ONE-3,CC(=O)C=CC,1
NC52ONE-4,CC(=O)CC=C,1
NC53ONE-1,CCC(=O)C=C,1
NC5H11OH,CCCCCO,1
C5H10OH11,CCCC[CH]O,2
C5H10OH12,CCC[CH]CO,2
C5H10OH13,CC[CH]CCO,2
C5H10OH14,C[CH]CCCO,2
C5H10OH15,[CH2]CCCCO,2
C5H10OH-1O2,CCCCC(O[O])O,2
C5H10OH-2O2,CCCC(O[O])CO,2
C5H10OH-3O2,CCC(O[O])CCO,2
C5H10OH-4O2,CC(O[O])CCCO,2
C5H10OH-5O2,C(O[O])CCCCO,2
C5H9OH1-1,CCCC=CO,1
C5H9OH1-2,CCC=CCO,1
C5H9OH1-3,CC=CCCO,1
C5H9OH1-4,C=CCCCO,1
NC6H14,CCCCCC,1
C6H13-1,[CH2]CCCCC,2
C6H13-2,C[CH]CCCC,2
C6H13-3,CC[CH]CCC,2
C6H13OOH-1,C(OO)CCCCC,1
C6H13OOH-2,CC(OO)CCCC,1
C6H13OOH-3,CCC(OO)CCC,1
C6H13O2-1,C(O[O])CCCCC,2
C6H13O2-2,CC(O[O])CCCC,2
C6H13O2-3,CCC(O[O])CCC,2
C6H13O-1,C([O])CCCCC,2
C6H13O-2,CC([O])CCCC,2
C6H13O-3,CCC([O])CCC,2
C6H12OOH1-2,C(OO)[CH]CCCC,2
C6H12OOH1-3,C(OO)C[CH]CCC,2
C6H12OOH1-4,C(OO)CC[CH]CC,2
C6H12OOH1-5,C(OO)CCC[CH]C,2
C6H12OOH2-1,[CH2]C(OO)CCCC,2
C6H12OOH2-3,CC(OO)[CH]CCC,2
C6H12OOH2-4,CC(OO)C[CH]CC,2
C6H12OOH2-5,CC(OO)CC[CH]C,2
C6H12OOH2-6,CC(OO)CCC[CH2],2
C6H12OOH3-1,[CH2]CC(OO)CCC,2
C6H12OOH3-2,C[CH]C(OO)CCC,2
C6H12OOH3-4,CCC(OO)[CH]CC,2
C6H12OOH3-5,CCC(OO)C[CH]C,2
C6H12OOH3-6,CCC(OO)CC[CH2],2
C6H12O1-2,C1C(O1)CCCC,1
C6H12O1-3,C1CC(O1)CCC,1
C6H12O1-4,C1CCC(O1)CC,1
C6H12O1-5,C1CCCC(O1)C,1
C6H12O2-3,CC1C(O1)CCC,1
C6H12O2-4,CC1CC(O1)CC,1
C6H12O2-5,CC1CCC(O1)C,1
C6H12O3-4,CCC1C(O1)CC,1
C6H12OOH1-2O2,C(OO)C(O[O])CCCC,2
C6H12OOH1-3O2,C(OO)CC(O[O])CCC,2
C6H12OOH1-4O2,C(OO)CCC(O[O])CC,2
C6H12OOH1-5O2,C(OO)CCCC(O[O])C,2
C6H12OOH2-1O2,C(O[O])C(OO)CCCC,2
C6H12OOH2-3O2,CC(OO)C(O[O])CCC,2
C6H12OOH2-4O2,CC(OO)CC(O[O])CC,2
C6H12OOH2-5O2,CC(OO)CCC(O[O])C,2
C6H12OOH2-6O2,CC(OO)CCCC(O[O]),2
C6H12OOH3-1O2,C(O[O])CC(OO)CCC,2
C6H12OOH3-2O2,CC(O[O])C(OO)CCC,2
C6H12OOH3-4O2,CCC(OO)C(O[O])CC,2
C6H12OOH3-5O2,CCC(OO)CC(O[O])C,2
C6H12OOH3-6O2,CCC(OO)CCC(O[O]),2
C6H11-1D3OOH,C=CC(OO)CCC,1
C6H11-1D4OOH,C=CCC(OO)CC,1
C6H11-1D5OOH,C=CCCC(OO)C,1
C6H11-1D6OOH,C=CCCCC(OO),1
C6H11-2D1OOH,C(OO)C=CCCC,1
C6H11-2D4OOH,CC=CC(OO)CC,1
C6H11-2D5OOH,CC=CCC(OO)C,1
C6H11-2D6OOH,CC=CCCC(OO),1
C6H11-3D1OOH,C(OO)CC=CCC,1
C6H11-3D2OOH,CC(OO)C=CCC,1
C6H11Q12-3,C(OO)C(OO)[CH]CCC,2
C6H11Q12-4,C(OO)C(OO)C[CH]CC,2
C6H11Q12-5,C(OO)C(OO)CC[CH]C,2
C6H11Q12-6,C(OO)C(OO)CCC[CH2],2
C6H11Q13-2,C(OO)[CH]C(OO)CCC,2
C6H11Q13-4,C(OO)CC(OO)[CH]CC,2
C6H11Q13-5,C(OO)CC(OO)C[CH]C,2
C6H11Q13-6,C(OO)CC(OO)CC[CH2],2
C6H11Q14-2,C(OO)[CH]CC(OO)CC,2
C6H11Q14-3,C(OO)C[CH]C(OO)CC,2
C6H11Q14-5,C(OO)CCC(OO)[CH]C,2
C6H11Q14-6,C(OO)CCC(OO)C[CH2],2
C6H11Q15-2,C(OO)[CH]CCC(OO)C,2
C6H11Q15-3,C(OO)C[CH]CC(OO)C,2
C6H11Q15-4,C(OO)CC[CH]C(OO)C,2
C6H11Q15-6,C(OO)CCCC(OO)[CH2],2
C6H11Q23-1,[CH2]C(OO)C(OO)CCC,2
C6H11Q23-4,CC(OO)C(OO)[CH]CC,2
C6H11Q23-5,CC(OO)C(OO)C[CH]C,2
C6H11Q23-6,CC(OO)C(OO)CC[CH2],2
C6H11Q24-1,[CH2]C(OO)CC(OO)CC,2
C6H11Q24-3,CC(OO)[CH]C(OO)CC,2
C6H11Q24-5,CC(OO)CC(OO)[CH]C,2
C6H11Q24-6,CC(OO)CC(OO)C[CH2],2
C6H11Q25-1,[CH2]C(OO)CCC(OO)C,2
C6H11Q25-3,CC(OO)[CH]CC(OO)C,2
C6H11Q34-1,[CH2]CC(OO)C(OO)CC,2
C6H11Q34-2,C[CH]C(OO)C(OO)CC,2
C6KET12,C(=O)C(OO)CCCC,1
C6KET13,C(=O)CC(OO)CCC,1
C6KET14,C(=O)CCC(OO)CC,1
C6KET15,C(=O)CCCC(OO)C,1
C6KET21,C(OO)C(=O)CCCC,1
C6KET23,CC(=O)C(OO)CCC,1
C6KET24,CC(=O)CC(OO)CC,1
C6KET25,CC(=O)CCC(OO)C,1
C6KET26,CC(=O)CCCC(OO),1
C6KET31,C(OO)CC(=O)CCC,1
C6KET32,CC(OO)C(=O)CCC,1
C6KET34,CCC(=O)C(OO)CC,1
C6KET35,CCC(=O)CC(OO)C,1
C6KET36,CCC(=O)CCC(OO),1
C5H91-1,CCCC=[CH],2
C6H11O12-3OOH,C1C(O1)C(OO)CCC,1
C6H11O12-4OOH,C1C(O1)CC(OO)CC,1
C6H11O12-5OOH,C1C(O1)CCC(OO)C,1
C6H11O12-6OOH,C1C(O1)CCCC(OO),1
C6H11O13-2OOH,C1C(OO)C(O1)CCC,1
C6H11O13-4OOH,C1CC(O1)C(OO)CC,1
C6H11O13-5OOH,C1CC(O1)CC(OO)C,1
C6H11O13-6OOH,C1CC(O1)CCC(OO),1
C6H11O14-2OOH,C1C(OO)CC(O1)CC,1
C6H11O14-3OOH,C1CC(OO)C(O1)CC,1
C6H11O14-5OOH,C1CCC(O1)C(OO)C,1
C6H11O14-6OOH,C1CCC(O1)CC(OO),1
C6H11O15-2OOH,C1C(OO)CCC(O1)C,1
C6H11O15-3OOH,C1CC(OO)CC(O1)C,1
C6H11O15-4OOH,C1CCC(OO)C(O1)C,1
C6H11O15-6OOH,C1CCCC(O1)C(OO),1
C6H11O23-1OOH,C(OO)C1C(O1)CCC,1
C6H11O23-4OOH,CC1C(O1)C(OO)CC,1
C6H11O23-5OOH,CC1C(O1)CC(OO)C,1
C6H11O23-6OOH,CC1C(O1)CCC(OO),1
C6H11O24-1OOH,C(OO)C1CC(O1)CC,1
C6H11O24-3OOH,CC1C(OO)C(O1)CC,1
C6H11O24-5OOH,CC1CC(O1)C(OO)C,1
C6H11O24-6OOH,CC1CC(O1)CC(OO),1
C6H11O25-1OOH,C(OO)C1CCC(O1)C,1
C6H11O25-3OOH,CC1C(OO)CC(O1)C,1
C6H11O34-1OOH,C(OO)CC1C(O1)CC,1
C6H11O34-2OOH,CC(OO)C1C(O1)CC,1
C4H7O12-4,C1C(O1)C[CH2],2
C4H7O13-4,C1CC(O1)[CH2],2
C4H7O23-1,CC1C(O1)[CH2],2
C5H9O12-5,C1C(O1)CC[CH2],2
C5H9O13-5,C1CC(O1)C[CH2],2
C5H9O14-5,C1CCC(O1)[CH2],2
C5H9O23-1,CCC1C(O1)[CH2],2
C5H9O23-5,[CH2]CC1C(O1)C,2
C5H9O24-1,[CH2]C1CC(O1)C,2
AC3H5CHO,C=CCC=O,1
C6KET12O,C(=O)C([O])CCCC,2
C6KET13O,C(=O)CC([O])CCC,2
C6KET14O,C(=O)CCC([O])CC,2
C6KET15O,C(=O)CCCC([O])C,2
C6KET21O,C([O])C(=O)CCCC,2
C6KET23O,CC(=O)C([O])CCC,2
C6KET24O,CC(=O)CC([O])CC,2
C6KET25O,CC(=O)CCC([O])C,2
C6KET26O,CC(=O)CCCC([O]),2
C6KET31O,CCCC(=O)CC([O]),2
C6KET32O,CCCC(=O)C([O])C,2
C6KET34O,CCC([O])C(=O)CC,2
C6KET35O,CC([O])CC(=O)CC,2
C6KET36O,C([O])CCC(=O)CC,2
C6H12OOH1-2O,C(OO)C([O])CCCC,2
C6H12OOH1-3O,C(OO)CC([O])CCC,2
C6H12OOH1-4O,C(OO)CCC([O])CC,2
C6H12OOH1-5O,C(OO)CCCC([O])C,2
C6H12OOH2-1O,C([O])C(OO)CCCC,2
C6H12OOH2-3O,CC(OO)C([O])CCC,2
C6H12OOH2-4O,CC(OO)CC([O])CC,2
C6H12OOH2-5O,CC(OO)CCC([O])C,2
C6H12OOH2-6O,CC(OO)CCCC([O]),2
C6H12OOH3-1O,C([O])CC(OO)CCC,2
C6H12OOH3-2O,CC([O])C(OO)CCC,2
C6H12OOH3-4O,CCC(OO)C([O])CC,2
C6H12OOH3-5O,CCC(OO)CC([O])C,2
C6H12OOH3-6O,CCC(OO)CCC([O]),2
NC5H11CHO,CCCCCC=O,1
C6Y2,CC(=O)CCCC,1
CH3COOH,CC(=O)O,1
C2H5COOH,CCC(=O)O,1
C6H12-1,C=CCCCC,1
C6H12-2,CC=CCCC,1
C6H12-3,CCC=CCC,1
C6H111-3,C=C[CH]CCC,2
C6H111-4,C=CC[CH]CC,2
C6H111-5,C=CCC[CH]C,2
C6H111-6,C=CCCC[CH2],2
C6H112-4,CC=C[CH]CC,2
C6H112-5,CC=CC[CH]C,2
C6H112-6,CC=CCC[CH2],2
C6H113-1,CCC=CC[CH2],2
C6H12OH-1J2,C(O)[CH]CCCC,2
C6H12OH-2J1,[CH2]C(O)CCCC,2
C6H12OH-2J3,CC(O)[CH]CCC,2
C6H12OH-3J2,C[CH]C(O)CCC,2
C6H12OH-3J4,CCC(O)[CH]CC,2
C6H12OH-1O2-2,C(O)C(O[O])CCCC,2
C6H12OH-2O2-1,C(O[O])C(O)CCCC,2
C6H12OH-2O2-3,CC(O)C(O[O])CCC,2
C6H12OH-3O2-2,CC(O[O])C(O)CCC,2
C6H12OH-3O2-4,CCC(O)C(O[O])CC,2
C6H11-1D3O,C=CC([O])CCC,2
C6H11-1D4O,C=CCC([O])CC,2
C6H11-1D5O,C=CCCC([O])C,2
C6H11-1D6O,C=CCCCC([O]),2
C6H11-2D1O,C([O])C=CCCC,2
C6H11-2D4O,CC=CC([O])CC,2
C6H11-2D5O,CC=CCC([O])C,2
C6H11-2D6O,CC=CCCC([O]),2
C6H11-3D1O,CCC=CCC([O]),2
C6H10D14,C/C=C/CC=C,1
C6H112O2-1,CCCC=CCO[O],2
C6H111O2-3,CCCC(O[O])C=C,2
C6H111O2-4,CCC(O[O])CC=C,2
C6H111O2-5,CC(O[O])CCC=C,2
C6H111O2-6,C(O[O])CCCC=C,2
C6H112O2-4,CCC(O[O])C=CC,2
C6H112O2-5,CC(O[O])CC=CC,2
C6H112O2-6,C(O[O])CCC=CC,2
C6H113O2-2,CC(O[O])C=CCC,2
C6H113O2-1,C(O[O])CC=CCC,2
C6H101OOH3-4,CC[CH]C(OO)C=C,2
C6H101OOH3-5,C[CH]CC(OO)C=C,2
C6H101OOH3-6,[CH2]CCC(OO)C=C,2
C6H101OOH4-3,CCC(OO)[CH]C=C,2
C6H101OOH4-5,C[CH]C(OO)CC=C,2
C6H101OOH4-6,[CH2]CC(OO)CC=C,2
C6H101OOH5-3,CC(OO)C[CH]C=C,2
C6H101OOH5-4,CC(OO)[CH]CC=C,2
C6H101OOH5-6,[CH2]C(OO)CCC=C,2
C6H101OOH6-3,C(OO)CC[CH]C=C,2
C6H101OOH6-4,C(OO)C[CH]CC=C,2
C6H101OOH6-5,C(OO)[CH]CCC=C,2
C6H102OOH4-5,C[CH]C(OO)C=CC,2
C6H102OOH4-6,[CH2]CC(OO)C=CC,2
C6H102OOH5-4,CC(OO)[CH]C=CC,2
C6H102OOH5-6,[CH2]C(OO)CC=CC,2
C6H102OOH6-4,C(OO)C[CH]C=CC,2
C6H102OOH6-5,C(OO)[CH]CC=CC,2
C6H103OOH1-2,C(OO)[CH]C=CCC,2
C6H103OOH2-1,[CH2]C(OO)C=CCC,2
ETES1,C=CC(O1)C1CC,1
MVOX,C=CC(O1)CC1C,1
VTHF,C=CC1CCCO1,1
EDHF,CCC1C=CCO1,1
C6H101OOH3-4O2,CCC(O[O])C(OO)C=C,2
C6H101OOH3-5O2,CC(O[O])CC(OO)C=C,2
C6H101OOH3-6O2,C(O[O])CCC(OO)C=C,2
C6H101OOH4-3O2,CCC(OO)C(O[O])C=C,2
C6H101OOH4-5O2,CC(O[O])C(OO)CC=C,2
C6H101OOH4-6O2,C(O[O])CC(OO)CC=C,2
C6H101OOH5-3O2,CC(OO)CC(O[O])C=C,2
C6H101OOH5-4O2,CC(OO)C(O[O])CC=C,2
C6H101OOH5-6O2,C(O[O])C(OO)CCC=C,2
C6H101OOH6-3O2,C(OO)CCC(O[O])C=C,2
C6H101OOH6-4O2,C(OO)CC(O[O])CC=C,2
C6H101OOH6-5O2,C(OO)C(O[O])CCC=C,2
C6H102OOH4-5O2,CC(O[O])C(OO)C=CC,2
C6H102OOH4-6O2,C(O[O])CC(OO)C=CC,2
C6H102OOH5-4O2,CC(OO)C(O[O])C=CC,2
C6H102OOH5-6O2,C(O[O])C(OO)CC=CC,2
C6H102OOH6-4O2,C(OO)CC(O[O])C=CC,2
C6H102OOH6-5O2,C(OO)C(O[O])CC=CC,2
C6H103OOH1-2O2,C(OO)C(O[O])C=CCC,2
C6H103OOH2-1O2,C(O[O])C(OO)C=CCC,2
NC6D1KET34,CCC(OO)C(=O)C=C,1
NC6D1KET35,CC(OO)CC(=O)C=C,1
NC6D1KET36,C(OO)CCC(=O)C=C,1
NC6D1KET43,CCC(=O)C(OO)C=C,1
NC6D1KET45,CC(OO)C(=O)CC=C,1
NC6D1KET46,C(OO)CC(=O)CC=C,1
NC6D1KET53,CC(=O)CC(OO)C=C,1
NC6D1KET54,CC(=O)C(OO)CC=C,1
NC6D1KET56,C(OO)C(=O)CCC=C,1
NC6D1KET63,O=CCCC(OO)C=C,1
NC6D1KET64,O=CCC(OO)CC=C,1
NC6D1KET65,O=CC(OO)CCC=C,1
NC6D2KET45,CC(OO)C(=O)C=CC,1
NC6D2KET46,C(OO)CC(=O)C=CC,1
NC6D2KET54,CC(=O)C(OO)C=CC,1
NC6D2KET56,C(OO)C(=O)CC=CC,1
NC6D2KET64,O=CCC(OO)C=CC,1
NC6D2KET65,O=CC(OO)CC=CC,1
NC6D3KET12,O=CC(OO)C=CCC,1
NC6D3KET21,OOCC(=O)C=CCC,1
NC5H11CO,CCCCC[C]=O,2
NC5H10CHO-1,CCCC[CH]C=O,2
NC5H10CHO-2,CCC[CH]CC=O,2
NC5H10CHO-3,CC[CH]CCC=O,2
NC5H10CHO-4,C[CH]CCCC=O,2
NC5H10CHO-5,[CH2]CCCCC=O,2
C6H10D13,C=CC=CCC,1
C6H10D24,CC=CC=CC,1
C6H101-5,C=CCCC=C,1
C6H9-A,C=CC[CH]C=C,2
NC7H16,CCCCCCC,1
C7H15-1,[CH2]CCCCCC,2
C7H15-2,C[CH]CCCCC,2
C7H15-3,CC[CH]CCCC,2
C7H15-4,CCC[CH]CCC,2
C7H15OOH-1,C(OO)CCCCCC,1
C7H15OOH-2,CC(OO)CCCCC,1
C7H15OOH-3,CCC(OO)CCCC,1
C7H15OOH-4,CCCC(OO)CCC,1
C7H15-1O2,C(O[O])CCCCCC,2
C7H15-2O2,CC(O[O])CCCCC,2
C7H15-3O2,CCC(O[O])CCCC,2
C7H15-4O2,CCCC(O[O])CCC,2
C7H15-1O,C([O])CCCCCC,2
C7H15-2O,CC([O])CCCCC,2
C7H15-3O,CCC([O])CCCC,2
C7H15-4O,CCCC([O])CCC,2
C7H14OOH1-2,C(OO)[CH]CCCCC,2
C7H14OOH1-3,C(OO)C[CH]CCCC,2
C7H14OOH1-4,C(OO)CC[CH]CCC,2
C7H14OOH1-5,C(OO)CCC[CH]CC,2
C7H14OOH2-1,[CH2]C(OO)CCCCC,2
C7H14OOH2-3,CC(OO)[CH]CCCC,2
C7H14OOH2-4,CC(OO)C[CH]CCC,2
C7H14OOH2-5,CC(OO)CC[CH]CC,2
C7H14OOH2-6,CC(OO)CCC[CH]C,2
C7H14OOH3-1,[CH2]CC(OO)CCCC,2
C7H14OOH3-2,C[CH]C(OO)CCCC,2
C7H14OOH3-4,CCC(OO)[CH]CCC,2
C7H14OOH3-5,CCC(OO)C[CH]CC,2
C7H14OOH3-6,CCC(OO)CC[CH]C,2
C7H14OOH3-7,CCC(OO)CCC[CH2],2
C7H14OOH4-1,CCCC(OO)CC[CH2],2
C7H14OOH4-2,CCCC(OO)C[CH]C,2
C7H14OOH4-3,CCCC(OO)[CH]CC,2
C7H14O1-2,C1C(O1)CCCCC,1
C7H14O1-3,C1CC(O1)CCCC,1
C7H14O1-4,C1CCC(O1)CCC,1
C7H14O1-5,C1CCCC(O1)CC,1
C7H14O2-3,CC1C(O1)CCCC,1
C7H14O2-4,CC1CC(O1)CCC,1
C7H14O2-5,CC1CCC(O1)CC,1
C7H14O2-6,CC1CCCC(O1)C,1
C7H14O3-4,CCC1C(O1)CCC,1
C7H14O3-5,CCC1CC(O1)CC,1
C7H14OOH1-2O2,C(OO)C(O[O])CCCCC,2
C7H14OOH1-3O2,C(OO)CC(O[O])CCCC,2
C7H14OOH1-4O2,C(OO)CCC(O[O])CCC,2
C7H14OOH1-5O2,C(OO)CCCC(O[O])CC,2
C7H14OOH2-1O2,C(O[O])C(OO)CCCCC,2
C7H14OOH2-3O2,CC(OO)C(O[O])CCCC,2
C7H14OOH2-4O2,CC(OO)CC(O[O])CCC,2
C7H14OOH2-5O2,CC(OO)CCC(O[O])CC,2
C7H14OOH2-6O2,CC(OO)CCCC(O[O])C,2
C7H14OOH3-1O2,C(O[O])CC(OO)CCCC,2
C7H14OOH3-2O2,CC(O[O])C(OO)CCCC,2
C7H14OOH3-4O2,CCC(OO)C(O[O])CCC,2
C7H14OOH3-5O2,CCC(OO)CC(O[O])CC,2
C7H14OOH3-6O2,CCC(OO)CCC(O[O])C,2
C7H14OOH3-7O2,CCC(OO)CCCC(O[O]),2
C7H14OOH4-1O2,CCCC(OO)CCC(O[O]),2
C7H14OOH4-2O2,CCCC(OO)CC(O[O])C,2
C7H14OOH4-3O2,CCCC(OO)C(O[O])CC,2
C7H13Q12-3,C(OO)C(OO)[CH]CCCC,2
C7H13Q12-4,C(OO)C(OO)C[CH]CCC,2
C7H13Q12-5,C(OO)C(OO)CC[CH]CC,2
C7H13Q12-6,C(OO)C(OO)CCC[CH]C,2
C7H13Q13-2,C(OO)[CH]C(OO)CCCC,2
C7H13Q13-4,C(OO)CC(OO)[CH]CCC,2
C7H13Q13-5,C(OO)CC(OO)C[CH]CC,2
C7H13Q13-6,C(OO)CC(OO)CC[CH]C,2
C7H13Q13-7,C(OO)CC(OO)CCC[CH2],2
C7H13Q14-2,C(OO)[CH]CC(OO)CCC,2
C7H13Q14-3,C(OO)C[CH]C(OO)CCC,2
C7H13Q14-5,C(OO)CCC(OO)[CH]CC,2
C7H13Q14-6,C(OO)CCC(OO)C[CH]C,2
C7H13Q14-7,C(OO)CCC(OO)CC[CH2],2
C7H13Q15-2,C(OO)[CH]CCC(OO)CC,2
C7H13Q15-3,C(OO)C[CH]CC(OO)CC,2
C7H13Q15-4,C(OO)CC[CH]C(OO)CC,2
C7H13Q15-6,C(OO)CCCC(OO)[CH]C,2
C7H13Q15-7,C(OO)CCCC(OO)C[CH2],2
C7H13Q23-1,[CH2]C(OO)C(OO)CCCC,2
C7H13Q23-4,CC(OO)C(OO)[CH]CCC,2
C7H13Q23-5,CC(OO)C(OO)C[CH]CC,2
C7H13Q23-6,CC(OO)C(OO)CC[CH]C,2
C7H13Q23-7,CC(OO)C(OO)CCC[CH2],2
C7H13Q24-1,[CH2]C(OO)CC(OO)CCC,2
C7H13Q24-3,CC(OO)[CH]C(OO)CCC,2
C7H13Q24-5,CC(OO)CC(OO)[CH]CC,2
C7H13Q24-6,CC(OO)CC(OO)C[CH]C,2
C7H13Q24-7,CC(OO)CC(OO)CC[CH2],2
C7H13Q25-1,[CH2]C(OO)CCC(OO)CC,2
C7H13Q25-3,CC(OO)[CH]CC(OO)CC,2
C7H13Q25-4,CC(OO)C[CH]C(OO)CC,2
C7H13Q25-6,CC(OO)CCC(OO)[CH]C,2
C7H13Q25-7,CC(OO)CCC(OO)C[CH2],2
C7H13Q26-1,CC(OO)CCCC(OO)[CH2],2
C7H13Q26-3,CC(OO)CC[CH]C(OO)C,2
C7H13Q26-4,CC(OO)C[CH]CC(OO)C,2
C7H13Q34-1,[CH2]CC(OO)C(OO)CCC,2
C7H13Q34-2,C[CH]C(OO)C(OO)CCC,2
C7H13Q34-5,CCC(OO)C(OO)[CH]CC,2
C7H13Q34-6,CCC(OO)C(OO)C[CH]C,2
C7H13Q34-7,CCC(OO)C(OO)CC[CH2],2
C7H13Q35-1,CCC(OO)CC(OO)C[CH2],2
C7H13Q35-2,CCC(OO)CC(OO)[CH]C,2
C7H13Q35-4,CCC(OO)[CH]C(OO)CC,2
C7KET12,C(=O)C(OO)CCCCC,1
C7KET13,C(=O)CC(OO)CCCC,1
C7KET14,C(=O)CCC(OO)CCC,1
C7KET15,C(=O)CCCC(OO)CC,1
C7KET21,C(OO)C(=O)CCCCC,1
C7KET23,CC(=O)C(OO)CCCC,1
C7KET24,CC(=O)CC(OO)CCC,1
C7KET25,CC(=O)CCC(OO)CC,1
C7KET26,CC(=O)CCCC(OO)C,1
C7KET31,C(OO)CC(=O)CCCC,1
C7KET32,CC(OO)C(=O)CCCC,1
C7KET34,CCC(=O)C(OO)CCC,1
C7KET35,CCC(=O)CC(OO)CC,1
C7KET36,CCC(=O)CCC(OO)C,1
C7KET37,CCC(=O)CCCC(OO),1
C7KET41,C(OO)CCC(=O)CCC,1
C7KET42,CC(OO)CC(=O)CCC,1
C7KET43,CCC(OO)C(=O)CCC,1
C7H13-1D3OOH,C=CC(OO)CCCC,1
C7H13-1D4OOH,C=CCC(OO)CCC,1
C7H13-1D5OOH,C=CCCC(OO)CC,1
C7H13-1D6OOH,C=CCCCC(OO)C,1
C7H13-2D1OOH,C(OO)C=CCCCC,1
C7H13-2D4OOH,CC=CC(OO)CCC,1
C7H13-2D5OOH,CC=CCC(OO)CC,1
C7H13-2D6OOH,CC=CCCC(OO)C,1
C7H13-2D7OOH,CC=CCCCC(OO),1
C7H13-3D1OOH,C(OO)CC=CCCC,1
C7H13-3D2OOH,CC(OO)C=CCCC,1
C7H13-3D5OOH,CCC=CC(OO)CC,1
C7H13-3D6OOH,CCC=CCC(OO)C,1
C7H13-3D7OOH,CCC=CCCC(OO),1
C7H13O12-3OOH,C1C(O1)C(OO)CCCC,1
C7H13O12-4OOH,C1C(O1)CC(OO)CCC,1
C7H13O12-5OOH,C1C(O1)CCC(OO)CC,1
C7H13O12-6OOH,C1C(O1)CCCC(OO)C,1
C7H13O13-2OOH,C1C(OO)C(O1)CCCC,1
C7H13O13-4OOH,C1CC(O1)C(OO)CCC,1
C7H13O13-5OOH,C1CC(O1)CC(OO)CC,1
C7H13O13-6OOH,C1CC(O1)CCC(OO)C,1
C7H13O13-7OOH,C1CC(O1)CCCC(OO),1
C7H13O14-2OOH,C1C(OO)CC(O1)CCC,1
C7H13O14-3OOH,C1CC(OO)C(O1)CCC,1
C7H13O14-5OOH,C1CCC(O1)C(OO)CC,1
C7H13O14-6OOH,C1CCC(O1)CC(OO)C,1
C7H13O14-7OOH,C1CCC(O1)CCC(OO),1
C7H13O15-2OOH,C1C(OO)CCC(O1)CC,1
C7H13O15-3OOH,C1CC(OO)CC(O1)CC,1
C7H13O15-4OOH,C1CCC(OO)C(O1)CC,1
C7H13O15-6OOH,C1CCCC(O1)C(OO)C,1
C7H13O15-7OOH,C1CCCC(O1)CC(OO),1
C7H13O23-1OOH,C(OO)C1C(O1)CCCC,1
C7H13O23-4OOH,CC1C(O1)C(OO)CCC,1
C7H13O23-5OOH,CC1C(O1)CC(OO)CC,1
C7H13O23-6OOH,CC1C(O1)CCC(OO)C,1
C7H13O23-7OOH,CC1C(O1)CCCC(OO),1
C7H13O24-1OOH,C(OO)C1CC(O1)CCC,1
C7H13O24-3OOH,CC1C(OO)C(O1)CCC,1
C7H13O24-5OOH,CC1CC(O1)C(OO)CC,1
C7H13O24-6OOH,CC1CC(O1)CC(OO)C,1
C7H13O24-7OOH,CC1CC(O1)CCC(OO),1
C7H13O25-1OOH,C(OO)C1CCC(O1)CC,1
C7H13O25-3OOH,CC1C(OO)CC(O1)CC,1
C7H13O25-4OOH,CC1CC(OO)C(O1)CC,1
C7H13O25-6OOH,CC1CCC(O1)C(OO)C,1
C7H13O25-7OOH,CC1CCC(O1)CC(OO),1
C7H13O26-1OOH,C(OO)C1CCCC(O1)C,1
C7H13O26-3OOH,CC1C(OO)CCC(O1)C,1
C7H13O26-4OOH,CC1CC(OO)CC(O1)C,1
C7H13O34-1OOH,C(OO)CC1C(O1)CCC,1
C7H13O34-2OOH,CC(OO)C1C(O1)CCC,1
C7H13O34-5OOH,CCC1C(O1)C(OO)CC,1
C7H13O34-6OOH,CCC1C(O1)CC(OO)C,1
C7H13O34-7OOH,CCC1C(O1)CCC(OO),1
C7H13O35-1OOH,CCC1CC(O1)CC(OO),1
C7H13O35-2OOH,CCC1CC(O1)C(OO)C,1
C7H13O35-4OOH,CCC1C(OO)C(O1)CC,1
C7KET12O,C(=O)C([O])CCCCC,2
C7KET13O,C(=O)CC([O])CCCC,2
C7KET14O,C(=O)CCC([O])CCC,2
C7KET15O,C(=O)CCCC([O])CC,2
C7KET21O,C([O])C(=O)CCCCC,2
C7KET23O,CC(=O)C([O])CCCC,2
C7KET24O,CC(=O)CC([O])CCC,2
C7KET25O,CC(=O)CCC([O])CC,2
C7KET26O,CC(=O)CCCC([O])C,2
C7KET31O,C([O])CC(=O)CCCC,2
C7KET32O,CC([O])C(=O)CCCC,2
C7KET34O,CCC(=O)C([O])CCC,2
C7KET35O,CCC(=O)CC([O])CC,2
C7KET36O,CCC(=O)CCC([O])C,2
C7KET37O,CCC(=O)CCCC([O]),2
C7KET41O,CCCC(=O)CCC([O]),2
C7KET42O,CCCC(=O)CC([O])C,2
C7KET43O,CCCC(=O)C([O])CC,2
C7Y24,CC(=O)CC(=O)CCC,1
C7Y13,C(=O)CC(=O)CCCC,1
C7Y35,CCC(=O)CC(=O)CC,1
C7H14OOH1-2O,C(OO)C([O])CCCCC,2
C7H14OOH1-3O,C(OO)CC([O])CCCC,2
C7H14OOH1-4O,C(OO)CCC([O])CCC,2
C7H14OOH1-5O,C(OO)CCCC([O])CC,2
C7H14OOH2-1O,C([O])C(OO)CCCCC,2
C7H14OOH2-3O,CC(OO)C([O])CCCC,2
C7H14OOH2-4O,CC(OO)CC([O])CCC,2
C7H14OOH2-5O,CC(OO)CCC([O])CC,2
C7H14OOH2-6O,CC(OO)CCCC([O])C,2
C7H14OOH3-1O,C([O])CC(OO)CCCC,2
C7H14OOH3-2O,CC([O])C(OO)CCCC,2
C7H14OOH3-4O,CCC(OO)C([O])CCC,2
C7H14OOH3-5O,CCC(OO)CC([O])CC,2
C7H14OOH3-6O,CCC(OO)CCC([O])C,2
C7H14OOH3-7O,CCC(OO)CCCC([O]),2
C7H14OOH4-1O,CCCC(OO)CCC([O]),2
C7H14OOH4-2O,CCCC(OO)CC([O])C,2
C7H14OOH4-3O,CCCC(OO)C([O])CC,2
C6H11O13-6,C1CC(O1)CC[CH2],2
C6H11O14-6,C1CCC(O1)C[CH2],2
C6H11O15-6,C1CCCC(O1)[CH2],2
C6H11O23-1,[CH2]C1C(O1)CCC,2
C6H11O23-6,CC1C(O1)CC[CH2],2
C6H11O24-1,[CH2]C1CC(O1)CC,2
C6H11O24-6,CC1CC(O1)C[CH2],2
C6H11O34-1,CCC1C(O1)C[CH2],2
C6Y2-1J,[CH2]C(=O)CCCC,2
C6Y3-6J,[CH2]CCC(=O)CC,2
C6Y3-1J,[CH2]CC(=O)CCC,2
C7H14-1,C=CCCCCC,1
C7H14-2,CC=CCCCC,1
C7H14-3,CCC=CCCC,1
C7H131-3,C=C[CH]CCCC,2
C7H131-4,C=CC[CH]CCC,2
C7H131-5,C=CCC[CH]CC,2
C7H131-6,C=CCCC[CH]C,2
C7H131-7,C=CCCCC[CH2],2
C7H132-4,CC=C[CH]CCC,2
C7H132-5,CC=CC[CH]CC,2
C7H132-6,CC=CCC[CH]C,2
C7H132-7,CC=CCCC[CH2],2
C7H133-1,[CH2]CC=CCCC,2
C7H133-5,CCC=C[CH]CC,2
C7H133-6,CCC=CC[CH]C,2
C7H133-7,CCC=CCC[CH2],2
C7H13-1D3O,C=CC([O])CCCC,2
C7H13-2D4O,CC=CC([O])CCC,2
C7H13-3D5O,CCC=CC([O])CC,2
C7H14OH-1J2,C(O)[CH]CCCCC,2
C7H14OH-2J1,[CH2]C(O)CCCCC,2
C7H14OH-2J3,CC(O)[CH]CCCC,2
C7H14OH-3J2,C[CH]C(O)CCCC,2
C7H14OH-3J4,CCC(O)[CH]CCC,2
C7H14OH-4J3,CC[CH]C(O)CCC,2
C7H14OH-1O2-2,C(O)C(O[O])CCCCC,2
C7H14OH-2O2-1,C(O[O])C(O)CCCCC,2
C7H14OH-2O2-3,CC(O)C(O[O])CCCC,2
C7H14OH-3O2-2,CC(O[O])C(O)CCCC,2
C7H14OH-3O2-4,CCC(O)C(O[O])CCC,2
C7H14OH-4O2-3,CCC(O[O])C(O)CCC,2
C3Y1-3OR,C([O])CC=O,2
C4Y1-3OR,CC([O])CC=O,2
C6D2Y1,CCCC=CC(=O),1
C6D2Y1-1R,CCCC=C[C](=O),2
IC8,CC(C)(C)CC(C)C,1
IC8-1R,[CH2]C(C)(C)CC(C)C,2
IC8-3R,CC(C)(C)[CH]C(C)C,2
IC8-4R,CC(C)(C)C[C](C)C,2
IC8-5R,CC(C)(C)CC(C)[CH2],2
IC8D3,CC(C)(C)C=C(C)C,1
IC8D4,CC(C)(C)CC(C)=C,1
IC8D3-5R,CC(C)(C)C=C(C)[CH2],2
IC8D4-5R,CC(C)(C)CC([CH2])=C,2
IC8OH3-4R,CC(C)(C)C(O)[C](C)C,2
IC8OH4-3R,CC(C)(C)[CH]C(O)(C)C,2
IC8OH4-5R,CC(C)(C)CC(O)([CH2])C,2
IC8OH5-4R,CC(C)(C)C[C](C)CO,2
IC8OH3-4O2R,CC(C)(C)C(O)C(O[O])(C)C,2
IC8OH4-3O2R,CC(C)(C)C(O[O])C(O)(C)C,2
IC8OH4-5O2R,CC(C)(C)CC(O)(C)CO[O],2
IC8OH5-4O2R,CC(C)(C)CC(O[O])(C)CO,2
IC8D3-5OR,CC(C)(C)C=C(C)C[O],2
IC8D4-3OR,CC(C)(C)C([O])C(C)=C,2
IC8D4-5OR,CC(C)(C)CC(C[O])=C,2
IC8OOH1,C(OO)C(C)(C)CC(C)C,1
IC8-1O2R,C(O[O])C(C)(C)CC(C)C,2
IC8OOH3,CC(C)(C)C(OO)C(C)C,1
IC8-3O2R,CC(C)(C)C(O[O])C(C)C,2
IC8OOH4,CC(C)(C)CC(OO)(C)C,1
IC8-4O2R,CC(C)(C)CC(O[O])(C)C,2
IC8OOH5,CC(C)(C)CC(C)COO,1
IC8-5O2R,CC(C)(C)CC(C)CO[O],2
IC8-1OR,C([O])C(C)(C)CC(C)C,2
IC8-3OR,CC(C)(C)C([O])C(C)C,2
IC8-4OR,CC(C)(C)CC([O])(C)C,2
IC8-5OR,CC(C)(C)CC(C)C[O],2
IC8OOH1-1AR,C(OO)C([CH2])(C)CC(C)C,2
IC8OOH1-3R,C(OO)C(C)(C)[CH]C(C)C,2
IC8OOH1-4R,C(OO)C(C)(C)C[C](C)C,2
IC8OOH1-5R,C(OO)C(C)(C)CC(C)[CH2],2
IC8OOH3-1R,[CH2]C(C)(C)C(OO)C(C)C,2
IC8OOH3-4R,CC(C)(C)C(OO)[C](C)C,2
IC8OOH3-5R,CC(C)(C)C(OO)C(C)[CH2],2
IC8OOH4-1R,[CH2]C(C)(C)CC(OO)(C)C,2
IC8OOH4-3R,CC(C)(C)[CH]C(OO)(C)C,2
IC8OOH4-5R,CC(C)(C)CC(OO)(C)[CH2],2
IC8OOH5-1R,[CH2]C(C)(C)CC(C)COO,2
IC8OOH5-3R,CC(C)(C)[CH]C(C)COO,2
IC8OOH5-4R,CC(C)(C)C[C](C)COO,2
IC8OOH5-5AR,CC(C)(C)CC([CH2])COO,2
IC8O1-1A,C(O1)C(C1)(C)CC(C)C,1
IC8O1-3,C(O1)C(C)(C)C1C(C)C,1
IC8O1-4,C(O1)C(C)(C)CC1(C)C,1
IC8O1-5,C(O1)C(C)(C)CC(C)C1,1
IC8O3-4,CC(C)(C)C(O1)C1(C)C,1
IC8O3-5,CC(C)(C)C(O1)C(C)C1,1
IC8O4-5,CC(C)(C)CC(O1)(C)C1,1
IC8O5-5A,CC(C)(C)CC(CO1)C1,1
IC8OOH1-1AO2R,C(OO)C(CO[O])(C)CC(C)C,2
IC8OOH1-3O2R,C(OO)C(C)(C)C(O[O])C(C)C,2
IC8OOH1-4O2R,C(OO)C(C)(C)CC(O[O])(C)C,2
IC8OOH1-5O2R,C(OO)C(C)(C)CC(C)CO[O],2
IC8OOH3-1O2R,C(O[O])C(C)(C)C(OO)C(C)C,2
IC8OOH3-4O2R,CC(C)(C)C(OO)C(O[O])(C)C,2
IC8OOH3-5O2R,CC(C)(C)C(OO)C(C)CO[O],2
IC8OOH4-1O2R,C(O[O])C(C)(C)CC(OO)(C)C,2
IC8OOH4-3O2R,CC(C)(C)C(O[O])C(OO)(C)C,2
IC8OOH4-5O2R,CC(C)(C)CC(OO)(C)CO[O],2
IC8OOH5-1O2R,C(O[O])C(C)(C)CC(C)COO,2
IC8OOH5-3O2R,CC(C)(C)C(O[O])C(C)COO,2
IC8OOH5-4O2R,CC(C)(C)CC(O[O])(C)COO,2
IC8OOH5-5AO2R,CC(C)(C)CC(CO[O])COO,2
IC8KET1-1A,O=CC(COO)(C)CC(C)C,1
IC8KET1-3,O=CC(C)(C)C(OO)C(C)C,1
IC8KET1-4,O=CC(C)(C)CC(OO)(C)C,1
IC8KET1-5,O=CC(C)(C)CC(C)COO,1
IC8KET3-1,C(OO)C(C)(C)C(=O)C(C)C,1
IC8KET3-4,CC(C)(C)C(=O)C(OO)(C)C,1
IC8KET3-5,CC(C)(C)C(=O)C(C)COO,1
IC8KET5-1,C(OO)C(C)(C)CC(C)C=O,1
IC8KET5-3,CC(C)(C)C(OO)C(C)C=O,1
IC8KET5-4,CC(C)(C)CC(OO)(C)C=O,1
IC8KET5-5A,CC(C)(C)CC(COO)C=O,1
IC8D3-1OOH,C(OO)C(C)(C)C=C(C)C,1
IC8D3-5OOH,CC(C)(C)C=C(C)COO,1
IC8D4-1OOH,C(OO)C(C)(C)CC(C)=C,1
IC8D4-3OOH,CC(C)(C)C(OO)C(C)=C,1
IC8D4-5OOH,CC(C)(C)CC(COO)=C,1
IC8Q11A-1BR,C(OO)C(COO)([CH2])CC(C)C,2
IC8Q11A-3R,C(OO)C(COO)(C)[CH]C(C)C,2
IC8Q11A-4R,C(OO)C(COO)(C)C[C](C)C,2
IC8Q11A-5R,C(OO)C(COO)(C)CC(C)[CH2],2
IC8Q13-1AR,C(OO)C([CH2])(C)C(OO)C(C)C,2
IC8Q13-4R,C(OO)C(C)(C)C(OO)[C](C)C,2
IC8Q13-5R,C(OO)C(C)(C)C(OO)C(C)[CH2],2
IC8Q14-1AR,C(OO)C([CH2])(C)CC(OO)(C)C,2
IC8Q14-3R,C(OO)C(C)(C)[CH]C(OO)(C)C,2
IC8Q14-5R,C(OO)C(C)(C)CC(OO)(C)[CH2],2
IC8Q15-1AR,C(OO)C([CH2])(C)CC(C)COO,2
IC8Q15-3R,C(OO)C(C)(C)[CH]C(C)COO,2
IC8Q15-4R,C(OO)C(C)(C)C[C](C)COO,2
IC8Q15-5AR,C(OO)C(C)(C)CC([CH2])COO,2
IC8Q34-1R,[CH2]C(C)(C)C(OO)C(OO)(C)C,2
IC8Q34-5R,CC(C)(C)C(OO)C(OO)(C)[CH2],2
IC8Q35-1R,[CH2]C(C)(C)C(OO)C(C)COO,2
IC8Q35-4R,CC(C)(C)C(OO)[C](C)COO,2
IC8Q35-5AR,CC(C)(C)C(OO)C([CH2])COO,2
IC8Q45-1R,[CH2]C(C)(C)CC(OO)(C)COO,2
IC8Q45-3R,CC(C)(C)[CH]C(OO)(C)COO,2
IC8Q45-5AR,CC(C)(C)CC(OO)([CH2])COO,2
IC8Q55A-1R,[CH2]C(C)(C)CC(COO)COO,2
IC8Q55A-3R,CC(C)(C)[CH]C(COO)COO,2
IC8Q55A-4R,CC(C)(C)C[C](COO)COO,2
IC8KET1-1AO,O=CC(C[O])(C)CC(C)C,2
IC8KET1-3O,O=CC(C)(C)C([O])C(C)C,2
IC8KET1-4O,O=CC(C)(C)CC([O])(C)C,2
IC8KET1-5O,O=CC(C)(C)CC(C)C[O],2
IC8KET3-1O,C([O])C(C)(C)C(=O)C(C)C,2
IC8KET3-4O,CC(C)(C)C(=O)C([O])(C)C,2
IC8KET3-5O,CC(C)(C)C(=O)C(C)C[O],2
IC8KET5-1O,C([O])C(C)(C)CC(C)C=O,2
IC8KET5-3O,CC(C)(C)C([O])C(C)C=O,2
IC8KET5-4O,CC(C)(C)CC([O])(C)C=O,2
IC8KET5-5AO,CC(C)(C)CC(C[O])C=O,2
IC8O11A-1BOOH,C(OO)C(CO1)(C1)CC(C)C,1
IC8O11A-3OOH,CC(CO1)(C1)C(OO)C(C)C,1
IC8O11A-4OOH,CC(CO1)(C1)CC(OO)(C)C,1
IC8O11A-5OOH,CC(CO1)(C1)CC(C)COO,1
IC8O13-1AOOH,C(O1)C(COO)(C)C1C(C)C,1
IC8O13-4OOH,C(O1)C(C)(C)C1C(OO)(C)C,1
IC8O13-5OOH,C(O1)C(C)(C)C1C(C)COO,1
IC8O14-1AOOH,C(O1)C(COO)(C)CC1(C)C,1
IC8O14-3OOH,C(O1)C(C)(C)C(OO)C1(C)C,1
IC8O14-5OOH,C(O1)C(C)(C)CC1(C)COO,1
IC8O15-1AOOH,C(O1)C(COO)(C)CC(C)C1,1
IC8O15-3OOH,C(O1)C(C)(C)C(OO)C(C)C1,1
IC8O15-4OOH,C(O1)C(C)(C)CC(OO)(C)C1,1
IC8O15-5AOOH,C(O1)C(C)(C)CC(COO)C1,1
IC8O34-1OOH,C(OO)C(C)(C)C(O1)C1(C)C,1
IC8O34-5OOH,CC(C)(C)C(O1)C1(C)COO,1
IC8O35-1OOH,C(OO)C(C)(C)C(O1)C(C)C1,1
IC8O35-4OOH,CC(C)(C)C(O1)C(OO)(C)C1,1
IC8O35-5AOOH,CC(C)(C)C(O1)C(COO)C1,1
IC8O45-1OOH,C(OO)C(C)(C)CC(O1)(C)C1,1
IC8O45-3OOH,CC(C)(C)C(OO)C(O1)(C)C1,1
IC8O45-5AOOH,CC(C)(C)CC(O1)(COO)C1,1
IC8O55A-1OOH,C(OO)C(C)(C)CC(CO1)C1,1
IC8O55A-3OOH,CC(C)(C)C(OO)C(CO1)C1,1
IC8O55A-4OOH,CC(C)(C)CC(OO)(CO1)C1,1
I24C7-2R,C[C](C)CC(C)C,2
I24C7D1,C=C(C)CC(C)C,1
I24C7D1-1AOOH,C=C(COO)CC(C)C,1
I24C7D13,C=C(C)C=C(C)C,1
I24C7D1-3OOH,C=C(C)C(OO)C(C)C,1
I24C7D1-3OR,C=C(C)C([O])C(C)C,2
I24C7D1-3R,C=C(C)[CH]C(C)C,2
I24C7D2,CC(C)=CC(C)C,1
I24C7D2-1OOH,C(OO)C(C)=CC(C)C,1
I24C7D2-4OR,CC(C)=CC([O])(C)C,2
I24C7D2-4R,CC(C)=C[C](C)C,2
I24C7D2-5OOH,CC(C)=CC(C)COO,1
IC6D13,C=C(C)C=CC,1
IC6D1-4OR,C=C(C)CC([O])C,2
IC6D1-4R,C=C(C)C[CH]C,2
IC6D2,CC(C)=CCC,1
IC6D2Y4,CC(C)=CC(=O)C,1
IC6D3,CC(C)C=CC,1
IC6D3-2R,C[C](C)C=CC,2
IC6D4,CC(C)CC=C,1
IC6D4-2R,C[C](C)CC=C,2
NEC7-4R,CC(C)(C)C[CH]C,2
NEC7D3,CC(C)(C)C=CC,1
NEC7D3-1OOH,C(OO)C(C)(C)C=CC,1
NEC7D4,CC(C)(C)CC=C,1
NEC7Y4,CC(C)(C)CC(=O)C,1
NEC7Y4-3R,CC(C)(C)[CH]C(=O)C,2
NEC7Y4-5R,CC(C)(C)CC(=O)[CH2],2
NEO-PC5H9O,C(O1)C(C1)(C)[CH2],2
TC4H9CHO,CC(C)(C)C=O,1
TC4H9CO,CC(C)(C)[C]=O,2
IC6D3-2OR,CC([O])(C)C=CC,2
I24C7D1-4R,C=C(C)C[C](C)C,2
IC8D4-1R,[CH2]C(C)(C)CC(C)=C,2
IC8D3-1R,[CH2]C(C)(C)C=C(C)C,2
NEC7D4-4R,CC(C)(C)C[C]=C,2
NEC7D4-3R,CC(C)(C)C=C[CH2],2
NEC7D3-4R,CC(C)(C)C=[C]C,2
I24C7D13-1AR,C=C([CH2])C=C(C)C,2
I24C7D14-3R,C=C(C)[CH]C(C)=C,2
IC6D134,C=C(C)C=C=C,1
IC6D134-1AR,C=C([CH2])C=C=C,2
I24C7D13-5OR,C=C(C)C=C(C)C[O],2
IC6D13-4R,C=C(C)C=[C]C,2
I24C7D13OH5-5AR,C=C(C)C=C([CH2])CO,2
I24C7D13OH5,C=C(C)C=C(C)CO,1
I24C7D13Y5,C=C(C)C=C(C)C=O,1
I24C7D13Y5-5R,C=C(C)C=C(C)[C]=O,2
I24C7D13-1AOR,C=C(C[O])C=C(C)C,2
IC6D34-2R,C[C](C)C=C=C,2
IC6D34-2OR,CC([O])(C)C=C=C,2
NC5D12Y4,C=C=CC(=O)C,1
NC5D12Y4-5R,C=C=CC(=O)[CH2],2
I24C7D13Y1A,C=C(C=O)C=C(C)C,1
I24C7D13Y1A-1AR,C=C([C]=O)C=C(C)C,2
IC6D1Y4-3R,C=C(C)[CH]C(=O)C,2
IC6D1Y4-3OR,C=C(C)C([O])C(=O)C,2
C3Y12,CC(=O)C=O,1
C3Y12-1R,CC(=O)[C]=O,2
NEOC5H11CO,CC(C)(C)C[C]=O,2
I24C7D1-1AR,C=C([CH2])CC(C)C,2
DC5H10O,CC(C)CC=O,1
DC5H9O-C,CC(C)[CH]C=O,2
NEOC5H11CHO,CC(C)(C)CC=O,1
NEC7D4-3OOH,CC(C)(C)C(OO)C=C,1
I24C7D2-4OOH,CC(C)=CC(OO)(C)C,1
IC6D13-1AR,C=C([CH2])C=CC,2
DC5H9O-B,C[C](C)CC=O,2
I24C7-1R,[CH2]C(C)CC(C)C,2
I24C7-3R,CC(C)[CH]C(C)C,2
I24C7D14,C=C(C)CC(C)=C,1
I24C7D1-4OR,C=C(C)CC([O])(C)C,2
I24C7D1-5R,C=C(C)CC(C)[CH2],2
I24C7D2-5R,CC(C)=CC(C)[CH2],2
I24C7OH1-2O2R,OCC(O[O])(C)CC(C)C,2
I24C7OH1-2R,OC[C](C)CC(C)C,2
I24C7OH2-1O2R,[O]OCC(O)(C)CC(C)C,2
I24C7OH2-1R,[CH2]C(O)(C)CC(C)C,2
I24C7OH2-3O2R,CC(O)(C)C(O[O])C(C)C,2
I24C7OH2-3R,CC(O)(C)[CH]C(C)C,2
I24C7OH3-2O2R,CC(O[O])(C)C(O)C(C)C,2
I24C7OH3-2R,C[C](C)C(O)C(C)C,2
IC5D2Y4,CC(C)=CC=O,1
IC6-2R,C[C](C)CCC,2
IC6-3R,CC(C)[CH]CC,2
IC6-4R,CC(C)C[CH]C,2
IC6-5R,CC(C)CC[CH2],2
IC6D13-5R,C=C(C)C=C[CH2],2
IC6D1-3OR,C=C(C)C([O])CC,2
IC6D1-3R,C=C(C)[CH]CC,2
IC6D24,CC(C)=CC=C,1
IC6D2-5R,CC(C)=CC[CH2],2
IC6D3-1R,[CH2]C(C)C=CC,2
IC6D4-1R,[CH2]C(C)CC=C,2
IC6D4-3OR,CC(C)C([O])C=C,2
IC6D4-3R,CC(C)[CH]C=C,2
IC6OH2-3O2R,CC(O)(C)C(O[O])CC,2
IC6OH2-3R,CC(O)(C)[CH]CC,2
IC6OH3-2O2R,CC(O[O])(C)C(O)CC,2
IC6OH3-2R,C[C](C)C(O)CC,2
IC6OH3-4O2R,CC(C)C(O)C(O[O])C,2
IC6OH3-4R,CC(C)C(O)[CH]C,2
IC6OH4-3O2R,CC(C)C(O[O])C(O)C,2
IC6OH4-3R,CC(C)[CH]C(O)C,2
IC6OH4-5O2R,CC(C)CC(O)CO[O],2
IC6OH4-5R,CC(C)CC(O)[CH2],2
IC6OH5-4O2R,CC(C)CC(O[O])CO,2
IC6OH5-4R,CC(C)C[CH]CO,2
IC6Y4,CC(C)CC(=O)C,1
IC6Y4-1R,[CH2]C(C)CC(=O)C,2
IC6Y4-2R,C[C](C)CC(=O)C,2
IC6Y4-3R,CC(C)[CH]C(=O)C,2
IC6Y4-5R,CC(C)CC(=O)[CH2],2
IC8Y3,CC(C)(C)C(=O)C(C)C,1
IC8Y3-1R,[CH2]C(C)(C)C(=O)C(C)C,2
IC8Y3-4R,CC(C)(C)C(=O)[C](C)C,2
IC8Y3-5R,CC(C)(C)C(=O)C(C)[CH2],2
NC5D124,C=C=CC=C,1
NC5D124-5R,C=C=CC=[CH],2
NEC6-3R,CC(C)(C)[CH]C,2
NEC6-4R,CC(C)(C)C[CH2],2
NEC6D3,CC(C)(C)C=C,1
NEC6D3-1OR,[O]CC(C)(C)C=C,2
NEC6D3-1R,[CH2]C(C)(C)C=C,2
NEC6OH3-4O2R,CC(C)(C)C(O)CO[O],2
NEC6OH3-4R,CC(C)(C)C(O)[CH2],2
NEC6OH4-3O2R,CC(C)(C)C(O[O])CO,2
NEC6OH4-3R,CC(C)(C)[CH]CO,2
NEC7-3R,CC(C)(C)[CH]CC,2
NEC7-5R,CC(C)(C)CC[CH2],2
NEC7D3-1R,[CH2]C(C)(C)C=CC,2
NEC7D4-1R,[CH2]C(C)(C)CC=C,2
NEC7D4-3OR,CC(C)(C)C([O])C=C,2
NEC7OH3-4O2R,CC(C)(C)C(O)C(O[O])C,2
NEC7OH3-4R,CC(C)(C)C(O)[CH]C,2
NEC7OH4-3O2R,CC(C)(C)C(O[O])C(O)C,2
NEC7OH4-3R,CC(C)(C)[CH]C(O)C,2
NEC7OH4-5O2R,CC(C)(C)CC(O)CO[O],2
NEC7OH4-5R,CC(C)(C)CC(O)[CH2],2
NEC7OH5-4O2R,CC(C)(C)CC(O[O])CO,2
NEC7OH5-4R,CC(C)(C)C[CH]CO,2
NEOC5H10CHO-1,[CH2]C(C)(C)CC=O,2
NEOC5H10CHO-3,CC(C)(C)[CH]C=O,2
NEOC5H10OH-IR,[CH2]C(C)(C)CO,2
DC5H9O-A,[CH2]C(C)CC=O,2
